Symbol,Name,Last,Change,%Chg,Open,High,Low,Volume,Time
A,Agilent Technologies,116.39,1.99,1.74%,114.34,116.45,114.33,245902,11:27 ET
AAL,American Airlines Gp,17.42,0.21,1.22%,17.47,17.92,17.16,46206684,11:27 ET
AAP,Advance Auto Parts Inc,150.18,-3.5,-2.28%,152.69,153.06,148.96,264418,11:27 ET
AAPL,Apple Inc,123.44,-0.31,-0.25%,124.37,124.91,123.09,28581260,11:27 ET
AAXN,Axon Inc,124.31,1.52,1.24%,122.37,124.36,122.36,124416,11:22 ET
ABBV,Abbvie Inc,107.66,1.82,1.72%,105.7,108.35,105.25,1990706,11:27 ET
ABC,Amerisourcebergen Corp,100.29,0.8,0.80%,99.02,100.73,98.37,190002,11:27 ET
ABMD,Abiomed Inc,275.58,3.7,1.36%,272,275.58,270.08,38912,11:27 ET
ABT,Abbott Laboratories,107.09,-0.09,-0.08%,106.8,107.23,106.21,1098555,11:27 ET
ACAD,Acadia Pharmaceutica,52.58,-0.8,-1.50%,53.21,53.87,52.3,302290,11:26 ET
ACC,American Campus Communities Inc,43.28,-0.09,-0.21%,43.26,43.48,42.95,165878,11:26 ET
ACGL,Arch Capital Grp Ltd,33.29,0.04,0.12%,33.1,33.58,32.95,286226,11:26 ET
ACHC,Acadia Healthcr Company,42.29,0.05,0.12%,41.95,42.86,41.72,166787,11:24 ET
ACI,Albertsons Companies Inc Cl A,14.98,0.13,0.88%,14.85,15.08,14.77,554980,11:26 ET
ACM,Aecom Technology Corp,50.9,-0.21,-0.41%,50.81,51.4,50.77,392302,11:27 ET
ACN,Accenture Plc,249.27,-0.03,-0.01%,249,249.63,247.2,421232,11:27 ET
ADBE,Adobe Systems Inc,490.31,-1.94,-0.39%,492.29,495.7,486.2,666486,11:27 ET
ADI,Analog Devices,144.64,0.93,0.65%,143.25,144.75,143.21,608841,11:27 ET
ADM,Archer Daniels Midland,50.56,0.52,1.04%,49.79,50.62,49.66,311786,11:27 ET
ADP,Automatic Data Procs,174.41,-0.16,-0.09%,174.43,174.73,173.34,234161,11:27 ET
ADPT,Adaptive Biotechnologies Corp,51.05,-2.29,-4.29%,50.69,52.99,50.29,376684,11:25 ET
ADS,Alliance Data Systems Corp,77.31,-3.75,-4.63%,80,81.28,76.88,364828,11:25 ET
ADSK,Autodesk Inc,285.22,4.42,1.57%,281.69,285.67,280.31,259607,11:27 ET
ADT,ADT Inc,7.99,-0.13,-1.60%,8.06,8.25,7.92,962884,11:23 ET
AEE,Ameren Corp,77.57,-0.63,-0.81%,77.08,77.6,76.82,382285,11:27 ET
AEP,American Electric Power Company,83.47,-0.37,-0.44%,83.67,83.79,82.69,488796,11:27 ET
AES,The Aes Corp,21.23,0.36,1.72%,20.82,21.34,20.76,1323332,11:27 ET
AFG,American Financial Group,89.01,1.58,1.81%,86.49,89.12,86.13,58931,11:23 ET
AFL,Aflac Inc,45.38,0.21,0.46%,44.91,45.4,44.6,632700,11:27 ET
AGCO,Agco Corp,90.41,1.39,1.56%,88.98,90.82,88.89,158448,11:27 ET
AGIO,Agios Pharmaceuticals,37.05,-6.74,-15.39%,39.5,41.5,36.37,1120598,11:27 ET
AGNC,American Capital Age,15.69,0.21,1.36%,15.46,15.69,15.44,1956989,11:26 ET
AGO,Assured Guaranty Ltd,30.26,0.11,0.36%,29.75,30.37,29.73,52706,11:27 ET
AGR,Avangrid Inc,46.46,0.11,0.24%,46.09,46.93,45.85,136550,11:27 ET
AIG,American International Group,39.73,-0.06,-0.15%,39.28,39.95,39.18,906849,11:27 ET
AIV,Apartment Investment and Management,41.5,-0.63,-1.50%,41.97,42.18,41.47,211207,11:26 ET
AIZ,Assurant Inc,132.12,0.79,0.60%,130.36,132.29,130.36,55432,11:26 ET
AJG,Arthur J. Gallagher & Company,116.04,0.04,0.03%,114.96,116.06,114.83,141866,11:27 ET
AKAM,Akamai Technologies,104.31,1.53,1.49%,102.83,104.63,102.68,296915,11:26 ET
AL,Air Lease Corp Cl A,41.07,0.05,0.12%,40.58,41.66,40.32,88798,11:27 ET
ALB,Albemarle Corp,141.66,1.66,1.19%,139.21,142.62,138.2,203134,11:27 ET
ALGN,Align Technology,509.21,-8.5,-1.64%,516.75,518.59,509.21,147394,11:27 ET
ALK,Alaska Air Group,50.95,-0.06,-0.12%,50.51,51.76,50.15,595014,11:27 ET
ALKS,Alkermes Plc,18.55,-0.18,-0.96%,18.71,18.75,18.37,147405,11:27 ET
ALL,Allstate Corp,104.62,1.21,1.17%,102.64,105,102.44,368331,11:26 ET
ALLE,Allegion Plc,111.94,-0.27,-0.24%,111.56,112.74,110.07,169745,11:26 ET
ALLY,Ally Financial,32.08,0.04,0.12%,31.6,32.12,31.39,969909,11:27 ET
ALNY,Alnylam Pharmaceuticals,125.9,-0.91,-0.72%,127.07,128.65,125.45,71369,11:25 ET
ALSN,Allison Transmission Holdings,41.63,0.52,1.26%,41.2,41.87,40.98,258461,11:26 ET
ALXN,Alexion Pharm Inc,118.94,0.11,0.09%,119.07,120.2,118.5,353510,11:27 ET
AM,Antero Midstream Corp,7.91,0.41,5.47%,7.49,7.94,7.49,1050645,11:26 ET
AMAT,Applied Materials,89.25,0.11,0.12%,89.23,89.98,88.32,1550627,11:27 ET
AMCR,Amcor Plc,11.52,0.17,1.50%,11.3,11.56,11.3,1124352,11:27 ET
AMD,Adv Micro Devices,92,-2.07,-2.20%,94.05,94.74,91.91,15959533,11:27 ET
AME,Amtek Inc,118.48,0.87,0.74%,116.91,118.79,116.91,114903,11:23 ET
AMED,Amedisys Inc,257.68,1.94,0.76%,256.38,258.57,255.73,15664,11:25 ET
AMG,Affiliated Managers Group,96.78,1.28,1.34%,94.47,97.18,94.47,90452,11:26 ET
AMGN,Amgen Inc,228.2,1.75,0.77%,229.01,230.39,226,486693,11:27 ET
AMH,American Homes 4 Rent,29.16,-0.39,-1.32%,29.51,29.67,29.04,362341,11:27 ET
AMP,Ameriprise Financial Services,192.19,-2.25,-1.16%,192.39,193.72,191.56,157024,11:27 ET
AMT,American Tower Corp,224.17,-0.1,-0.04%,223.27,224.54,222.18,535816,11:27 ET
AMZN,Amazon.com Inc,3136.05,-21.95,-0.70%,3158.9,3160.55,3120.02,1152620,11:27 ET
AN,Autonation Inc,66.64,-0.66,-0.98%,66.63,67.35,66.47,71871,11:18 ET
ANAT,Amer Natl Insurance,86.47,0.26,0.30%,85.59,86.47,85.28,3266,11:18 ET
ANET,Arista Networks Inc,288.69,13.08,4.75%,277.95,289,277.57,468795,11:27 ET
ANSS,Ansys Inc,340.87,-1.02,-0.30%,344.49,348.99,338.17,65749,11:26 ET
ANTM,Anthem Inc,318.59,-0.65,-0.20%,316.66,319.7,315.85,143185,11:26 ET
AON,AON Plc,209,1.8,0.87%,206.63,209,204.8,406108,11:27 ET
AOS,Smith A.O. Corp,55.15,-0.16,-0.29%,55,55.65,54.89,168479,11:17 ET
APA,Apache Corp,15.03,0.42,2.87%,14.38,15.26,14.31,3931519,11:27 ET
APD,Air Products and Chemicals,268.87,-0.31,-0.12%,269,269.25,267.1,274528,11:25 ET
APH,Amphenol Corp,132.67,0.24,0.18%,131.18,133.05,131.14,318237,11:26 ET
APLE,Apple Hospitality REIT Inc,12.85,0.16,1.26%,12.57,12.95,12.55,511408,11:26 ET
APO,Apollo Global Management Llc C,48.5,0.21,0.43%,47.84,48.69,47.83,437061,11:24 ET
APTV,Aptiv Plc,123.45,-0.01,-0.01%,123.41,124.71,122.58,187418,11:27 ET
ARD,Ardagh Group S.A.,18.25,0.05,0.27%,18.18,18.33,18.17,5427,11:11 ET
ARE,Alexandria Real Estate Equities,171.52,0.48,0.28%,170.97,171.79,170.48,95303,11:26 ET
ARES,Ares Management LP,47.98,0.47,0.99%,47.4,48,47.14,59203,11:24 ET
ARMK,Aramark Holdings Corp,38.47,0.59,1.56%,37.51,38.61,37.51,319583,11:26 ET
ARW,Arrow Electronics,96.72,-0.15,-0.15%,96.02,97.3,95.58,56643,11:24 ET
ASB,Associated Banc-Corp,16.29,-0.01,-0.06%,16.11,16.39,16.11,184951,11:27 ET
ASH,Ashland Global Holdings Inc,73.81,-0.06,-0.08%,73.54,74.23,73.45,59300,11:25 ET
ATH,Athene Holding Ltd,43.75,0.01,0.02%,43.08,43.92,43.04,190664,11:26 ET
ATO,Atmos Energy Corp,97.45,0.2,0.21%,97.02,97.8,96.78,125473,11:27 ET
ATR,Aptargroup,129.73,1.1,0.86%,128.29,129.8,127.94,21603,11:21 ET
ATUS,Altice USA Inc Cl A,34.79,-0.16,-0.46%,34.95,35.09,34.6,1091076,11:27 ET
ATVI,Activision Blizzard,83.35,1.08,1.31%,82.48,83.44,81.99,1725295,11:27 ET
AVB,Avalonbay Communities,170.96,-1.72,-1.00%,171.64,172.27,170.88,141064,11:27 ET
AVGO,Broadcom Ltd,421.79,0.9,0.21%,419.28,422.12,418.16,526139,11:27 ET
AVLR,Avalara Inc,171.87,5.13,3.08%,168,174.39,167.55,329252,11:19 ET
AVT,Avnet Inc,32.49,-0.31,-0.95%,32.72,33.11,32.37,162757,11:21 ET
AVTR,Avantor Inc,27,-0.51,-1.85%,27.3,27.46,26.83,970810,11:26 ET
AVY,Avery Dennison Corp,154.7,0.52,0.34%,153.69,155.05,152.26,153383,11:25 ET
AWI,Armstrong World Industries Inc,80.78,0.03,0.04%,80.25,81.1,80.01,62475,11:26 ET
AWK,American Water Works,150.14,-0.18,-0.12%,149.56,150.18,148.62,137391,11:23 ET
AXP,American Express Company,124.36,0.42,0.34%,122.47,124.39,122.02,841265,11:27 ET
AXS,Axis Capital Holdings,52.48,-0.61,-1.15%,52.42,52.68,52.07,81579,11:26 ET
AXTA,Axalta Coating Systems Ltd,28.98,-0.09,-0.31%,28.94,29.29,28.94,436907,11:26 ET
AYI,Acuity Brands Inc,119.6,1.12,0.95%,117.85,120.97,117.51,82665,11:23 ET
AYX,Alteryx Inc,119.93,1.98,1.68%,118.89,120.22,117.29,593384,11:27 ET
AZEK,The Azek Company Inc Cl A,35.01,0.4,1.16%,34.88,35.74,34.81,366504,11:27 ET
AZO,Autozone,1108.08,-49.1,-4.24%,1128,1138,1086.73,275383,11:25 ET
AZPN,Aspen Technology,134.21,-3.67,-2.66%,137.24,138.51,134.12,94744,11:27 ET
BA,Boeing Company,235.02,-3.15,-1.32%,238.7,241.7,234.47,8477794,11:27 ET
BAC,Bank of America Corp,28.97,-0.12,-0.41%,28.86,29.15,28.77,13676414,11:26 ET
BAH,Booz Allen Hamilton Holding Corp,88.65,0.03,0.03%,88.88,88.98,88.19,139494,11:27 ET
BAX,Baxter International Inc,77.61,-0.16,-0.21%,77.54,77.89,76.78,639534,11:27 ET
BBY,Best Buy Company,102.32,-0.41,-0.40%,102.2,103.51,102,1035216,11:27 ET
BC,Brunswick Corp,74.54,0.03,0.04%,73.89,74.86,73.72,71285,11:27 ET
BDN,Brandywine Realty Trust,11.68,-0.04,-0.34%,11.6,11.74,11.54,257167,11:27 ET
BDX,Becton Dickinson and Company,238.61,2.16,0.91%,235.11,238.85,234.61,375576,11:27 ET
BEN,Franklin Resources,23.99,0.42,1.78%,23.38,24,23.37,890442,11:27 ET
BERY,Berry Global Group,54.02,-0.18,-0.33%,53.86,54.54,53.74,62131,11:27 ET
BF.A,Brown Forman Inc Cl A,79.48,1.76,2.26%,77.06,80.08,75.27,46762,11:25 ET
BFAM,Bright Horizons Family Solutions Inc,167.36,0.96,0.58%,165.29,167.51,165.29,23139,11:27 ET
BF.B,Brown Forman Inc Cl B,79.67,-0.72,-0.90%,78.66,80.53,77.15,631614,11:27 ET
BG,Bunge Ltd,61.64,0.86,1.41%,60.76,61.81,60.27,204457,11:27 ET
BHF,Brighthouse Financial Inc,35.33,-0.45,-1.26%,35.15,35.97,34.94,164490,11:27 ET
BIGC,Bigcommerce Holdings Inc,82.44,-0.73,-0.88%,82.44,86.37,80.33,1817118,11:27 ET
BIIB,Biogen Inc,245.01,1.33,0.55%,244.63,245.04,243.53,301427,11:27 ET
BILL,Bill.com Holdings Inc,129.9,-0.03,-0.02%,130,132.19,129.01,622142,11:26 ET
BIO,Bio-Rad Laboratories,556.11,-4.44,-0.79%,562.27,562.63,554.4,23606,11:24 ET
BK,Bank of New York Mellon Corp,40.66,0.32,0.79%,40.03,40.66,40.01,863234,11:27 ET
BKI,Black Knight Inc,88.72,0.63,0.72%,88.47,88.86,88.08,190912,11:27 ET
BKNG,Booking Holdings Inc,2100.68,-28.1,-1.32%,2093.06,2128.21,2092.05,69900,11:27 ET
BKR,Baker Hughes A Ge CO Cl A,22.31,0.29,1.32%,21.56,22.38,21.51,2108440,11:27 ET
BLI,Berkeley Lights Inc,86.79,1.41,1.65%,87.49,88.75,83.23,68624,11:27 ET
BLK,Blackrock,717.78,8.29,1.17%,706.79,717.78,703.47,133509,11:27 ET
BLL,Ball Corp,96.12,0.62,0.65%,94.7,96.16,94.51,360147,11:26 ET
BLUE,Bluebird Bio,43.66,-1.74,-3.83%,45.43,46.31,43.5,523697,11:27 ET
BMRN,Biomarin Pharmaceuticals,78.4,0.01,0.01%,78.81,78.96,78.07,111663,11:27 ET
BMY,Bristol-Myers Squibb Company,61.54,0.34,0.56%,61.17,61.78,61.14,2563459,11:27 ET
BOH,Bank of Hawaii Corp,79.1,-0.41,-0.52%,78.42,79.73,78.42,28870,11:24 ET
BOKF,Bok Financial Corp,70.08,-0.44,-0.62%,69.82,70.96,69.82,34165,11:20 ET
BPOP,Popular Inc,51.7,-0.23,-0.44%,50.67,52.12,50.67,82318,11:27 ET
BPYU,Brookfield Property REIT Inc,15.81,0.05,0.32%,15.87,15.95,15.64,70014,11:24 ET
BR,Broadridge Financial Solutions Llc,147.42,1.27,0.87%,145.98,147.84,145.51,90297,11:27 ET
BRK.B,Berkshire Hathaway Cl B,228.34,-0.9,-0.39%,227.46,228.5,226.61,1376058,11:27 ET
BRKR,Bruker Corp,54.13,0.03,0.06%,54.11,54.23,53.47,47375,11:26 ET
BRO,Brown & Brown,45.19,0.58,1.30%,44.34,45.19,44.31,124600,11:25 ET
BRX,Brixmor Property Group Inc,16.17,0.15,0.94%,15.84,16.33,15.81,632044,11:25 ET
BSX,Boston Scientific Corp,33.72,-0.53,-1.55%,34.05,34.16,33.69,3618081,11:27 ET
BURL,Burlington Stores Inc,233.39,3.4,1.48%,227.64,233.39,227.64,117886,11:26 ET
BWA,Borgwarner Inc,39.58,0.36,0.92%,39.28,40.13,39.26,689601,11:27 ET
BWXT,Bwx Technologies Inc,59.9,1.29,2.20%,58.53,59.9,58.53,150764,11:25 ET
BXP,Boston Properties,102.05,-0.9,-0.87%,102.08,103.07,101.41,344602,11:27 ET
BYND,Beyond Meat Inc,138.1,1.16,0.85%,136.61,141.08,136.15,1259921,11:27 ET
C,Citigroup Inc,58.21,0.08,0.14%,57.48,58.33,57.36,4879463,11:27 ET
CABO,Cable One Inc,2072.62,-30.59,-1.45%,2084.45,2090,2053.37,6281,11:00 ET
CACC,Credit Acceptance,331.28,2.13,0.65%,326.62,333.96,326.62,23599,11:18 ET
CACI,Caci International,247.82,1.17,0.47%,245.99,248.36,245.64,13897,11:27 ET
CAG,Conagra Brands Inc,35.48,0.11,0.31%,35.43,35.53,35.21,1001837,11:27 ET
CAH,Cardinal Health,56.19,0.79,1.43%,55.29,56.49,55.14,371836,11:27 ET
CARR,Carrier Global Corp [Carr/I],37.22,0.38,1.03%,36.64,37.36,36.61,936259,11:26 ET
CASY,Casey's General Stor,183.42,-4.4,-2.34%,185,187.18,180.24,219488,11:19 ET
CAT,Caterpillar Inc,179.91,1.2,0.67%,177.66,180.74,177.17,583428,11:26 ET
CB,Chubb Ltd,152.84,0.5,0.33%,151.84,154.27,151.14,377640,11:27 ET
CBOE,CBOE Global Markets Inc,92.51,-1.01,-1.08%,92.91,93.33,92.35,130723,11:27 ET
CBRE,CBRE Group Inc,66.41,0.13,0.20%,65.78,66.77,65.23,387750,11:25 ET
CBSH,Commerce Bancshares,63.57,-0.12,-0.19%,62.61,64,62.61,40782,11:27 ET
CBT,Cabot Corp,42.38,0.14,0.33%,41.9,42.85,41.9,33282,11:24 ET
CC,Chemours Company,26.69,0.36,1.37%,26.19,26.94,26.12,305796,11:25 ET
CCI,Crown Castle International Corp,162.06,-0.39,-0.24%,162.8,163.75,161.35,343964,11:27 ET
CCK,Crown Cork & Seal Company,98.04,-0.22,-0.22%,97.74,98.77,97.74,67867,11:27 ET
CCL,Carnival Corp,23.64,0.44,1.90%,23.01,23.92,22.86,21232160,11:27 ET
CDAY,Ceridian Hcm Holding Inc,98.06,1.53,1.58%,96.53,98.56,96.53,133477,11:27 ET
CDK,Cdk Global Inc,49.46,0.3,0.61%,49.2,49.99,49,113595,11:26 ET
CDNS,Cadence Design Sys,117.71,-1.31,-1.10%,119.33,119.47,117.3,259879,11:25 ET
CDW,CDW Corp,133.04,0.1,0.08%,133.6,135.18,132.32,118101,11:25 ET
CE,Celanese Corp,130.17,0.39,0.30%,129.2,130.52,128.99,136742,11:24 ET
CERN,Cerner Corp,72.93,0.09,0.12%,72.15,73.24,72.15,318421,11:27 ET
CF,Cf Industries Holdings,38.5,0.23,0.60%,37.95,38.71,37.9,259632,11:27 ET
CFG,Citizens Financial Group Inc/Ri,35.69,0.38,1.08%,34.93,35.79,34.85,1220881,11:27 ET
CFR,Cullen/Frost Bankers,87.05,-0.59,-0.67%,86.93,88.07,86.16,37592,11:27 ET
CFX,Colfax Corp,37.43,0.1,0.27%,36.96,37.9,36.96,73605,11:27 ET
CG,The Carlyle Group,29.7,0.36,1.23%,29.3,29.83,29.3,207952,11:27 ET
CGNX,Cognex Cp,76.87,0.35,0.46%,77,78,76.66,106151,11:27 ET
CHD,Church & Dwight Company,87.22,0.46,0.53%,86.26,87.25,86,330288,11:26 ET
CHE,Chemed Inc,478.01,4.15,0.88%,474.15,479.99,470.74,8548,11:24 ET
CHGG,Chegg Inc,78.3,-0.18,-0.23%,79,79.77,77.79,398804,11:27 ET
CHH,Choice Hotels International,105.64,0.38,0.36%,104.05,105.88,104.05,14186,11:27 ET
CHNG,Change Healthcare Inc,17.41,-0.14,-0.80%,17.61,17.76,17.38,378445,11:25 ET
CHRW,C.H. Robinson Ww,93.94,0.72,0.77%,93.05,94.26,92.96,143416,11:27 ET
CHTR,Charter Communicatio,668.73,-12.03,-1.77%,676.48,681.99,667.57,286099,11:27 ET
CI,Cigna Corp,216.99,-1.6,-0.73%,216.46,219.76,215.85,406619,11:26 ET
CIEN,Ciena Corp,48.43,-0.04,-0.08%,47.99,48.43,47.68,415627,11:27 ET
CINF,Cincinnati Financial,80.94,0.76,0.95%,79.89,80.98,79.41,98810,11:27 ET
CL,Colgate-Palmolive Company,85.09,-0.3,-0.35%,84.47,85.18,84.19,895746,11:27 ET
CLGX,Corelogic,77.59,0.01,0.01%,77.55,78.07,77.55,274353,11:18 ET
CLH,Clean Harbors,73.79,-0.65,-0.87%,73.81,74.67,73.66,45348,11:24 ET
CLR,Continental Resources,18.46,0.59,3.30%,17.7,18.97,17.67,900003,11:27 ET
CLX,Clorox Company,204.15,3.54,1.76%,201.58,204.36,199.76,356688,11:27 ET
CMA,Comerica Inc,53.23,0.03,0.06%,52.77,53.85,52.57,205098,11:25 ET
CMCSA,Comcast Corp A,51.65,-0.28,-0.54%,51.3,51.76,51.21,3402302,11:27 ET
CME,CME Group Inc,183.93,0.75,0.41%,182.11,184.29,179.46,466472,11:27 ET
CMG,Chipotle Mexican Grill,1341.73,-5.37,-0.40%,1339.44,1344.35,1322,59022,11:27 ET
CMI,Cummins Inc,222.06,2.97,1.36%,218.82,222.66,218.82,207771,11:26 ET
CMS,Cms Energy Corp,60.26,-0.44,-0.72%,60.24,60.65,59.73,270612,11:27 ET
CNA,Cna Financial Corp,36.07,-0.01,-0.03%,35.72,36.22,35.72,17076,11:11 ET
CNC,Centene Corp,64.88,0.31,0.48%,64.06,65,63.87,486579,11:26 ET
CNP,Centerpoint Energy Inc,22.67,-0.47,-2.03%,23.02,23.1,22.66,916515,11:27 ET
COF,Capital One Financial Corp,92.69,-0.28,-0.30%,91.4,93.22,91.36,532786,11:27 ET
COG,Cabot Oil & Gas Corp,16.64,0.11,0.67%,16.26,16.64,16.1,1398111,11:26 ET
COHR,Coherent Inc,137.64,0.45,0.33%,137,140.41,137,25082,11:22 ET
COLD,Americold Realty Trust,33.83,-0.48,-1.40%,34.17,34.41,33.68,372565,11:27 ET
COLM,Columbia Sprtswr,87.45,0.21,0.24%,86.43,87.45,85.85,20082,11:27 ET
COMM,Commscope Holding Company,12.94,-0.28,-2.12%,13.16,13.36,12.93,966125,11:27 ET
CONE,Cyrusone Inc,67.46,-1.15,-1.68%,68.4,69.87,67.42,207587,11:26 ET
COO,Cooper Companies,342.33,0.27,0.08%,341.82,343.9,341.17,42944,11:24 ET
COP,Conocophillips,43.01,0.19,0.44%,42,43.44,41.7,2799523,11:27 ET
COR,Coresite Realty Corp,122.77,-0.63,-0.51%,123.3,123.4,121.93,48853,11:27 ET
COST,Costco Wholesale,376.75,3.42,0.92%,373.95,376.75,370.75,533488,11:27 ET
COTY,Coty Inc,7.14,-0.31,-4.16%,7.22,7.34,6.76,8064907,11:26 ET
COUP,Coupa Software Inc,309.1,-14.84,-4.58%,337.58,339.05,303.85,1969174,11:27 ET
CPA,Copa Holdings S.A.,83.97,1.5,1.82%,81.68,84.18,81.68,57246,11:26 ET
CPB,Campbell Soup Company,48.29,-0.02,-0.04%,48.39,48.53,47.59,1118616,11:27 ET
CPRI,Capri Holdings Ltd,39.56,0.23,0.58%,38.61,39.81,38.61,375828,11:27 ET
CPRT,Copart Inc,114.96,0.35,0.31%,114.03,115,113.5,288264,11:26 ET
CPT,Camden Property Trust,100.54,-0.56,-0.55%,100.75,101.19,99.95,48415,11:27 ET
CR,Crane Company,73.14,0.2,0.27%,72.09,73.76,72.09,36809,11:27 ET
CREE,Cree Inc,94.25,3.48,3.83%,90.93,94.32,90.88,483298,11:26 ET
CRI,Carter's Inc,93.82,0.52,0.56%,91.96,94.07,91.96,77279,11:24 ET
CRL,Charles River Laboratories Intl,236.61,0.24,0.10%,237.41,239.79,235.01,31544,11:25 ET
CRM,Salesforce.com Inc,227.91,0.21,0.09%,228.65,229.5,225.66,4455940,11:27 ET
CRUS,Cirrus Logic Inc,83,-0.09,-0.11%,82.7,84.02,82.38,101305,11:27 ET
CRWD,Crowdstrike Holdings Inc,175.31,4.59,2.69%,171.29,178.19,170,1851040,11:27 ET
CSCO,Cisco Systems Inc,44.28,-0.07,-0.16%,44.21,44.35,43.93,4007245,11:27 ET
CSGP,Costar Group Inc,883.14,-0.47,-0.05%,882.02,894.77,878.89,20102,11:27 ET
CSL,Carlisle Companies Inc,151.17,1.72,1.15%,148.4,151.7,148.4,46527,11:22 ET
CSX,CSX Corp,91.73,-0.31,-0.34%,91.15,92.09,90.98,575116,11:26 ET
CTAS,Cintas Corp,354.57,1.43,0.40%,353.14,355.57,351.03,61667,11:26 ET
CTLT,Catalent Inc,94.93,1.5,1.61%,93.35,95.18,93.01,324726,11:26 ET
CTSH,Cognizant Tech Sol,80.27,-0.26,-0.32%,79.26,80.39,78.74,863312,11:26 ET
CTVA,Corteva Inc,38.29,0.35,0.92%,37.76,38.42,37.61,1511091,11:27 ET
CTXS,Citrix Systems Inc,130.21,-1.16,-0.88%,129.76,131.88,129.76,347227,11:27 ET
CUBE,Cubesmart,32.6,0.05,0.15%,32.6,32.69,32.38,103260,11:27 ET
CUZ,Cousins Properties Inc,33.42,-0.14,-0.42%,33.87,33.99,33.21,259815,11:26 ET
CVNA,Carvana CO Cl A,258.7,-0.18,-0.07%,259.38,261.38,255.24,375466,11:25 ET
CVS,CVS Corp,73.41,-0.22,-0.30%,72.73,73.55,72.62,1523946,11:27 ET
CVX,Chevron Corp,92.32,1.56,1.72%,90.34,92.46,89.89,2588223,11:27 ET
CW,Curtiss-Wright Corp,117.76,-0.74,-0.62%,117.88,119.35,117.53,27907,11:24 ET
CXO,Concho Resources Inc,62.7,0.35,0.56%,61.24,63.27,60.72,521899,11:27 ET
D,Dominion Resources,74.87,-1.27,-1.67%,75.62,75.9,74.59,2539764,11:27 ET
DAL,Delta Air Lines Inc,42.33,-0.02,-0.05%,41.95,42.88,41.77,5074160,11:27 ET
DBX,Dropbox Inc,21,0.5,2.44%,20.42,21.17,20.41,3860318,11:27 ET
DCI,Donaldson Company,54.7,0.16,0.29%,54.3,55,54.3,47655,11:21 ET
DCT,Duck Creek Technologies Inc,39.84,0.94,2.42%,38.7,39.88,38.4,150021,11:23 ET
DD,Du Pont De.Nemours Inc,66.93,1.5,2.29%,65.32,67.17,65.21,1069984,11:27 ET
DDOG,Datadog Inc Cl A,98.46,-0.7,-0.71%,99.39,100.03,96.23,898693,11:26 ET
DE,Deere & Company,253.99,1.98,0.79%,253.12,254.84,251.51,397269,11:26 ET
DEI,Douglas Emmett,31.97,0.06,0.19%,31.76,32.13,31.71,573323,11:25 ET
DELL,Dell Technologies Inc,71.07,0.69,0.98%,70.32,71.07,70.14,440467,11:27 ET
DFS,Discover Financial Services,82.14,-0.31,-0.38%,81.24,82.61,81.2,892500,11:27 ET
DG,Dollar General Corp,211.99,-1.37,-0.64%,212.15,212.85,211.04,449543,11:27 ET
DGX,Quest Diagnostics Inc,123.75,0.85,0.69%,122.72,124.01,122.72,377186,11:24 ET
DHI,D.R. Horton,71.54,-2.26,-3.06%,73.13,73.54,70.94,643579,11:25 ET
DHR,Danaher Corp,225.93,-0.22,-0.10%,225.3,226.89,224.1,448569,11:27 ET
DIS,Walt Disney Company,154.39,0.71,0.46%,152.42,154.88,152.25,2235974,11:27 ET
DISCA,Discovery Comm A,28.5,-0.3,-1.04%,28.47,28.84,28.14,2540261,11:27 ET
DISCK,Discovery Comm Inc,25.23,-0.19,-0.75%,25.13,25.56,24.9,683480,11:27 ET
DISH,Dish Network Corp,36.4,-0.3,-0.82%,36.3,36.71,36.17,444731,11:27 ET
DKS,Dick's Sporting Goods Inc,55.99,0.47,0.85%,55.8,56.2,55.08,2394020,11:27 ET
DLB,Dolby Laboratories,91.79,0.63,0.69%,90.78,92.26,90.78,128537,11:24 ET
DLR,Digital Realty Trust,135.19,-0.04,-0.03%,135.37,136.39,134.51,324593,11:27 ET
DLTR,Dollar Tree Inc,111.35,-0.6,-0.54%,111.26,111.89,110.32,362969,11:27 ET
DNB,Dun & Bradstreet Holdings Inc,26.88,-0.12,-0.44%,26.78,27.2,26.78,37295,11:27 ET
DNKN,Dunkin' Brands Group,106.41,-0.01,-0.01%,106.4,106.43,106.38,219428,11:16 ET
DOCU,Docusign Inc,230.89,-1.63,-0.70%,235.22,237.5,228.66,1585115,11:27 ET
DOV,Dover Corp,122.34,0.1,0.08%,121.36,122.83,121.1,119604,11:27 ET
DOW,Dow Inc,53.77,0.56,1.05%,52.9,54.03,52.78,729938,11:27 ET
DOX,Amdocs Ltd Ord,67.17,0.38,0.57%,66.51,67.27,66.51,244437,11:24 ET
DPZ,Domino's Pizza Inc,385.38,0.83,0.22%,386.08,387.85,383.81,79296,11:26 ET
DRE,Duke Realty Corp,38.44,-0.19,-0.49%,38.64,38.78,38.39,273425,11:27 ET
DRI,Darden Restaurants,111.35,-0.77,-0.69%,111.45,112.42,110.24,226104,11:24 ET
DT,Dynatrace Inc,40.82,1.26,3.19%,39.48,40.82,39.35,347932,11:27 ET
DTE,Dte Energy Company,124.32,-0.53,-0.42%,124.23,124.82,123.13,199509,11:27 ET
DUK,Duke Energy Corp,91.65,-0.22,-0.24%,91.33,91.75,90.4,647766,11:27 ET
DVA,Davita Healthcare Partners Inc,109.49,1.03,0.95%,108.05,109.77,108.05,114387,11:24 ET
DVN,Devon Energy Corp,16.27,0.32,2.01%,15.75,16.5,15.66,3511664,11:27 ET
DXC,Dxc Technology Company,24.25,0.06,0.25%,24.18,24.69,24.01,359036,11:27 ET
DXCM,Dexcom,339.01,1.61,0.48%,338.45,340.58,333.33,191502,11:24 ET
EA,Electronic Arts Inc,132.13,1.29,0.99%,130.43,132.29,129.72,856746,11:26 ET
EAF,Graftech International Ltd,10.11,0.44,4.55%,9.58,10.17,9.57,502790,11:26 ET
EBAY,Ebay Inc,49.62,-0.41,-0.82%,49.91,50.23,49.62,2126589,11:27 ET
ECL,Ecolab Inc,223.65,0.91,0.41%,222.6,224.25,221.95,185020,11:27 ET
ED,Consolidated Edison Company of New York,74.79,-0.05,-0.07%,74.55,74.96,74.12,494403,11:27 ET
EEFT,Euronet Worldwide,134.09,-0.03,-0.02%,133.74,135.73,133.45,90430,11:27 ET
EFX,Equifax Inc,189.33,18.5,10.83%,175.98,190.09,175.87,778580,11:27 ET
EHC,Encompass Health Corp,80.66,0.54,0.67%,79.65,81.45,79.58,75706,11:27 ET
EIX,Edison International,61.66,-0.28,-0.45%,61.43,62.01,61.34,255943,11:26 ET
EL,Estee Lauder Companies,247.57,1.81,0.74%,244.78,248.45,244.22,225116,11:27 ET
ELAN,Elanco Animal Health Inc,29.81,0.46,1.57%,29.46,29.85,29.35,761569,11:27 ET
ELS,Equity Lifestyle Properties,60.1,-0.23,-0.38%,60.19,60.47,59.78,229728,11:22 ET
EMN,Eastman Chemical Company,102.84,1.12,1.10%,101.3,103.39,100.71,121152,11:27 ET
EMR,Emerson Electric Company,81.05,1.88,2.37%,78.22,81.15,78.11,967432,11:27 ET
ENPH,Enphase Energy Inc,131.49,2.17,1.68%,129.98,133.25,129,524726,11:27 ET
ENR,Energizer Holdings Inc,42.83,-0.13,-0.30%,42.83,43.09,42.3,115965,11:26 ET
ENTG,Entegris Inc,99.04,1.37,1.40%,100.12,100.12,97.9,278476,11:27 ET
EOG,Eog Resources,51.76,0.19,0.37%,51.72,52.23,51.02,1535336,11:27 ET
EPAM,Epam Systems Inc,323.96,0.88,0.27%,324.37,325.62,321.43,36571,11:27 ET
EPR,Entertainment Properties Trust,33.5,1.84,5.81%,31.31,33.55,30.96,364986,11:27 ET
EQC,Equity Commonwealth,26.39,0.02,0.08%,26.34,26.45,26.26,135361,11:23 ET
EQH,Axa Equitable Holdings Inc,26.48,-0.01,-0.04%,26.11,26.58,26.11,514502,11:27 ET
EQIX,Equinix Inc,699.22,1.67,0.24%,705,706.41,693,106413,11:25 ET
EQR,Equity Residential,62.41,-0.3,-0.48%,62.34,62.68,61.91,394533,11:27 ET
EQT,Eqt Corp,13.76,-0.12,-0.86%,13.59,13.78,13.36,2323812,11:27 ET
ERIE,Erie Indemnity Company,221.43,0.29,0.13%,220.02,222.56,219.41,20692,11:26 ET
ES,Eversource Energy,86.36,-0.38,-0.44%,86.1,86.41,85.53,210266,11:27 ET
ESI,Element Solutions Inc,15.01,0.21,1.42%,14.8,15.09,14.66,405574,11:27 ET
ESRT,Empire State Realty Trust Inc,9.64,-0.11,-1.13%,9.64,9.82,9.58,429405,11:27 ET
ESS,Essex Property Trust,254.22,1.22,0.48%,251.52,254.48,251.28,57394,11:25 ET
ESTC,Elastic N.V.,144.24,2.77,1.96%,141.91,145.51,141.67,361352,11:27 ET
ETN,Eaton Corp,118.29,0.89,0.76%,116.83,118.32,116.27,234313,11:27 ET
ETR,Entergy Corp,106.23,-0.38,-0.36%,105.74,106.54,105.64,198262,11:27 ET
ETRN,Equitrans Midstream Corp,8.52,0.33,4.03%,8.13,8.56,8.13,1102127,11:27 ET
ETSY,Etsy Inc,166.43,9.5,6.05%,158.85,166.6,156.8,1404132,11:27 ET
EV,Eaton Vance Corp,65.27,0.02,0.03%,65.24,65.41,64.95,225502,11:27 ET
EVBG,Everbridge Inc,129.93,-1.1,-0.84%,132.06,132.92,129.69,257001,11:23 ET
EVR,Evercore Partners Inc,97.34,2.21,2.32%,94.02,97.43,94.02,47802,11:19 ET
EVRG,Evergy Inc,55.28,0.16,0.29%,55.59,55.84,55.09,602139,11:25 ET
EW,Edwards Lifesciences Corp,84.63,-1.43,-1.66%,85.98,86.07,84.32,545248,11:27 ET
EWBC,East West Bancorp,46.6,-0.08,-0.17%,46.21,47,46,68586,11:27 ET
EXAS,Exact Sciences Cor,132.58,-2.27,-1.68%,135.93,137.73,132.32,531927,11:27 ET
EXC,Exelon Corp,41.09,-0.11,-0.27%,41.17,41.17,40.61,917631,11:27 ET
EXEL,Exelixis Inc,18.9,0.05,0.27%,18.95,19,18.68,315362,11:27 ET
EXP,Eagle Materials Inc,97.42,0.37,0.38%,95.97,97.62,95.79,65864,11:26 ET
EXPD,Expeditors Intl,90.04,0.29,0.32%,89.61,90.31,89.09,120780,11:25 ET
EXPE,Expedia Group Inc,127.1,0.58,0.46%,125.82,127.35,124.05,639085,11:26 ET
EXR,Extra Space Storage Inc,114.7,-0.3,-0.26%,114.96,115,113.89,90027,11:26 ET
F,Ford Motor Company,9.3,0.08,0.87%,9.19,9.33,9.17,19397213,11:27 ET
FAF,First American Corp,47.92,-0.34,-0.70%,47.79,48.19,47.75,107919,11:27 ET
FANG,Diamondback Energy,46.67,1.03,2.26%,45.01,46.98,44.5,1062744,11:27 ET
FAST,Fastenal Company,49.11,0.43,0.88%,48.37,49.18,48.16,560025,11:27 ET
FB,Facebook Inc,284.34,-1.24,-0.43%,286.01,286.43,281.55,3890937,11:27 ET
FBHS,Fortune Brands Home & Security,82.61,-0.46,-0.55%,82.65,83.06,82.16,161346,11:26 ET
FCN,Fti Consulting,107.12,0.16,0.15%,106.76,107.95,106.53,61481,11:26 ET
FCNCA,First Citizens Bancs,606,-3,-0.49%,603.68,608.23,600.52,8904,11:11 ET
FCX,Freeport-Mcmoran Inc,24.71,0.13,0.53%,24.21,24.79,24.15,3671048,11:27 ET
FDS,Factset Research Systems Inc,352.32,0.61,0.17%,349.11,354.98,349.11,41024,11:22 ET
FDX,Fedex Corp,299.9,2.86,0.96%,298,303.68,297.32,1105442,11:26 ET
FE,Firstenergy Corp,30.3,0.83,2.82%,29.25,30.44,29.21,2608005,11:27 ET
FEYE,Fireeye Inc,15.49,0.08,0.52%,15.31,15.54,15.3,412395,11:27 ET
FFIV,F5 Networks Inc,170.86,2.29,1.36%,167.81,171.5,167.65,216485,11:21 ET
FHB,First Hawaiian Inc,22.92,-0.12,-0.52%,22.84,23.25,22.64,81830,11:25 ET
FHN,First Horizon Corp,13.15,0.01,0.08%,12.97,13.19,12.97,591589,11:25 ET
FICO,Fair Isaac and Company Inc,513.82,12.18,2.43%,507.12,522.01,504.78,60541,11:26 ET
FIS,Fidelity National Information Services,150.7,0.14,0.09%,150.72,150.77,149.69,607285,11:26 ET
FISV,Fiserv Inc,117.7,0.77,0.66%,120,121.83,117.55,2191591,11:27 ET
FITB,Fifth Third Bncp,27.43,0.05,0.18%,26.98,27.46,26.98,1651228,11:27 ET
FIVE,Five Below Inc,165.14,1.77,1.08%,161.8,166.27,161.51,150565,11:23 ET
FIVN,Five9 Inc,152.06,-0.57,-0.37%,154.22,154.7,151.4,125678,11:25 ET
FL,Footlocker Inc,41.85,0.45,1.09%,41.19,42.12,41.01,627968,11:27 ET
FLIR,Flir Systems Inc,41.01,0.11,0.27%,40.68,41.33,40.6,404249,11:27 ET
FLO,Flowers Foods,22.45,-0.04,-0.18%,22.39,22.49,22.37,148425,11:27 ET
FLS,Flowserve Corp,35.65,0.32,0.91%,34.87,35.9,34.87,164089,11:26 ET
FLT,Fleetcor Technologies,268.2,-5.42,-1.98%,270.85,272.01,268.11,109072,11:27 ET
FMC,FMC Corp,119.27,0.44,0.37%,118.3,119.84,118.07,67144,11:27 ET
FNB,F.N.B. Corp,9.49,-0.06,-0.63%,9.42,9.52,9.37,593077,11:21 ET
FND,Floor & Decor Holdings Inc,83.46,-1.09,-1.29%,84.58,84.76,82.65,113816,11:26 ET
FNF,Fidelity National Financial,36.4,-0.09,-0.25%,36.26,36.47,36.15,306585,11:27 ET
FOX,Fox Corp Cl B,29.18,-0.13,-0.44%,29.22,29.37,28.95,392338,11:25 ET
FOXA,Fox Corp Cl A,29.61,-0.07,-0.24%,29.58,29.79,29.32,716294,11:27 ET
FR,First Industrial Realty Trust,41.62,-0.24,-0.57%,41.7,41.98,41.46,96131,11:25 ET
FRC,First Republic Bank,129.52,-0.61,-0.47%,129.5,130.27,129,155668,11:27 ET
FRT,Federal Realty Investment Trust,90.26,-0.04,-0.04%,89.45,91.71,89.41,88358,11:21 ET
FSLR,First Solar Inc,89.54,0.79,0.89%,88.74,90.39,88.3,496577,11:26 ET
FSLY,Fastly Inc,99.64,14.21,16.63%,86.24,99.97,84.6,12627089,11:27 ET
FTDR,Frontdoor Inc,48.19,-0.05,-0.10%,47.79,48.49,47.59,54194,11:21 ET
FTNT,Fortinet Inc,129.81,1.73,1.35%,126.83,130.75,126.83,218214,11:27 ET
FTV,Fortive Corp,69.04,-0.35,-0.50%,68.92,69.21,68.47,1101164,11:27 ET
FWONA,Liberty Media F1 Series A,39.81,0.08,0.20%,39.83,40.29,39.76,16382,11:24 ET
FWONK,Liberty Media F1 Series K,43.93,0.07,0.16%,43.96,44.36,43.79,115126,11:22 ET
G,Genpact Ltd,40.86,0.18,0.44%,40.4,41.04,40.37,142118,11:27 ET
GBT,Global Blood Ther,40.86,-0.49,-1.19%,41.45,42.56,40.8,314836,11:27 ET
GD,General Dynamics Corp,153.2,0.2,0.13%,152.3,154.3,152.12,182756,11:27 ET
GDDY,Godaddy Inc,85.92,0.9,1.06%,85.22,86,84.72,192262,11:26 ET
GE,General Electric Company,10.99,0.13,1.20%,10.82,11.03,10.79,32865619,11:27 ET
GGG,Graco Inc,67.04,-0.04,-0.06%,66.58,67.25,66.58,102451,11:26 ET
GH,Guardant Health Inc,126.34,2.19,1.76%,124.81,126.35,123.09,292735,11:24 ET
GHC,Graham Holdings Company,459.26,0.75,0.16%,453.72,459.26,453.72,2612,11:06 ET
GILD,Gilead Sciences Inc,61.06,0.23,0.38%,60.56,61.16,60.53,1756738,11:27 ET
GIS,General Mills,60.27,0.53,0.89%,59.64,60.32,59.59,734734,11:27 ET
GL,Globe Life Inc,94.32,-0.56,-0.59%,93.71,94.75,93.71,59213,11:27 ET
GLIBA,Gci Liberty Inc Cl A,94.35,-1.22,-1.28%,95.05,95.63,93.99,61770,11:22 ET
GLOB,Globant S.A.,177.08,0.68,0.39%,177.06,178.59,175.42,31676,11:24 ET
GLPI,Gaming & Leisure,42.22,0.26,0.62%,41.79,42.26,41.72,113942,11:27 ET
GLW,Corning Inc,37.8,0.22,0.59%,37.42,37.89,37.37,639993,11:27 ET
GM,General Motors Company,43.92,-0.39,-0.88%,43.72,44.18,43.42,4133173,11:27 ET
GMED,Globus Medical Inc,60.39,0.4,0.67%,60.66,60.8,59.94,156923,11:23 ET
GNRC,Generac Holdings Inc,210.56,1.65,0.79%,210.42,211.75,207.31,219913,11:27 ET
GNTX,Gentex Corp,33.67,0.17,0.51%,33.68,33.75,33.41,303455,11:27 ET
GO,Grocery Outlet Holding Corp,38.37,0.59,1.56%,37.7,38.63,37.44,148980,11:24 ET
GOCO,Gohealth Inc Cl A,12.39,0.35,2.91%,12.07,12.64,11.9,311687,11:27 ET
GOOG,Alphabet Cl C,1812.76,-6.72,-0.37%,1810.1,1815.9,1796.02,313635,11:25 ET
GOOGL,Alphabet Cl A,1809.13,-7.9,-0.43%,1808.52,1812.33,1791.28,288741,11:27 ET
GPC,Genuine Parts Company,97.27,-0.98,-1.00%,97.7,98.23,96.44,130834,11:27 ET
GPK,Graphic Packaging Holding Company,16.21,0.12,0.75%,15.97,16.25,15.97,629568,11:25 ET
GPN,Global Payments Inc,197.35,-1.88,-0.94%,197.99,198.7,196.78,244648,11:27 ET
GPS,Gap Inc,21.62,0.35,1.65%,21,21.68,20.82,1955691,11:27 ET
GRA,W.R. Grace & Company,56.58,-0.23,-0.40%,56.63,57.74,56.57,84238,11:22 ET
GRMN,Garmin Ltd,122.37,1.07,0.88%,121.25,122.44,120.28,155267,11:27 ET
GRUB,Grubhub Inc,67,-1.31,-1.92%,67.92,68.03,66.97,353420,11:27 ET
GS,Goldman Sachs Group,238.07,-0.38,-0.16%,237.01,238.46,236.56,332815,11:27 ET
GTES,Gates Industrial Corp Plc,13.24,0.1,0.76%,13.15,13.26,12.96,22381,11:23 ET
GWRE,Guidewire Software Inc,126.6,1.13,0.90%,125.9,127.89,125.13,186475,11:27 ET
GWW,W.W. Grainger,407.04,2.04,0.50%,403,408.3,403,31276,11:27 ET
H,Hyatt Hotels Corp,74.06,0.18,0.24%,73.27,74.65,73.1,110824,11:27 ET
HAE,Haemonetics Corp,115.07,-0.36,-0.31%,114.57,115.35,113.64,55245,11:23 ET
HAIN,Hain Celestial Group,38.55,0.24,0.63%,38.09,38.75,37.9,223542,11:25 ET
HAL,Halliburton Company,19.36,0.39,2.06%,18.55,19.46,18.53,3116289,11:27 ET
HAS,Hasbro Inc,90.86,1.29,1.44%,89.02,90.92,88.84,136197,11:26 ET
HBAN,Huntington Bcshs,12.95,-0.06,-0.46%,12.83,13.05,12.83,1441365,11:27 ET
HBI,Hanesbrands Inc,14.02,0.07,0.50%,13.93,14.07,13.87,963425,11:27 ET
HCA,Hca Holdings Inc,158.04,2.67,1.72%,155.13,158.15,155,295302,11:27 ET
HD,Home Depot,261.43,-1.21,-0.46%,261.72,262.5,258.73,1679184,11:27 ET
HDS,HD Supply Hlds Cmm,55.8,-0.02,-0.04%,55.79,55.82,55.78,924666,11:23 ET
HE,Hawaiian Electric Industries,36.25,-0.11,-0.30%,36.25,36.41,36.04,149284,11:27 ET
HEI,Heico Corp,132.3,-1.26,-0.94%,132.51,134.76,132.1,69280,11:26 ET
HEI.A,Heico Cp Cl A,122.19,0.02,0.02%,121.06,123.04,121.06,114467,11:26 ET
HES,Hess Corp,53.28,0.75,1.43%,51.63,53.47,51.55,341867,11:27 ET
HFC,Hollyfrontier Corp,27.41,-0.01,-0.04%,27.02,27.87,27,677134,11:27 ET
HHC,Howard Hughes Corp,77.35,-0.14,-0.18%,76.57,77.6,76.52,42326,11:26 ET
HIG,Hartford Financial Services Group,45.57,0.03,0.07%,44.83,45.72,44.75,350989,11:27 ET
HII,Huntington Ingalls Industries,170.52,0.48,0.28%,169.24,172.74,169.24,94940,11:27 ET
HIW,Highwoods Properties,39.53,-0.17,-0.43%,39.31,39.88,39.1,123849,11:24 ET
HLF,Herbalife Ltd,50.03,0.12,0.24%,49.41,50.03,49.4,118745,11:25 ET
HLT,Hilton Inc,110.55,0.72,0.66%,108.64,110.71,108.61,531405,11:27 ET
HOG,Harley-Davidson Inc,39.51,0.19,0.48%,38.9,39.64,38.67,171816,11:27 ET
HOLX,Hologic Inc,72.77,-0.41,-0.56%,72.99,73.18,72.36,263651,11:27 ET
HON,Honeywell International Inc,212.31,1.21,0.57%,210.32,213.06,209.6,523491,11:27 ET
HP,Helmerich & Payne,24.77,0.02,0.08%,24.17,24.89,24.03,385597,11:24 ET
HPE,Hewlett Packard Enterprise Comp,12.1,0.02,0.17%,11.9,12.15,11.79,1688850,11:27 ET
HPP,Hudson Pacific Properties,26.54,0.03,0.11%,26.34,26.78,26.25,693159,11:26 ET
HPQ,Hp Inc,23.72,0.04,0.17%,23.33,23.75,23.3,1918893,11:27 ET
HRB,H&R Block,16.58,-1.12,-6.33%,17.16,17.56,16.42,2458660,11:27 ET
HRC,Hill-Rom Holdings Inc,98.09,1.38,1.43%,96.22,98.44,96.22,36478,11:24 ET
HRL,Hormel Foods Corp,47.55,0.4,0.85%,47.04,47.56,46.75,300384,11:27 ET
HSIC,Henry Schein Inc,68.91,0.18,0.26%,68.38,69.36,68.24,201813,11:26 ET
HST,Host Marriott Financial Trust,15.24,0.07,0.46%,15.12,15.29,14.92,985862,11:25 ET
HSY,Hershey Foods Corp,151.5,1.78,1.19%,149.1,151.5,148.84,233159,11:26 ET
HTA,Healthcare Trust of America,25.76,-0.12,-0.46%,25.86,25.95,25.64,532544,11:26 ET
HUBB,Hubbell Inc B,161.1,2.16,1.36%,158.82,161.17,158.27,30968,11:21 ET
HUBS,Hubspot Inc,385.34,0.17,0.04%,387.47,391.5,383.61,71765,11:24 ET
HUM,Humana Inc,404.8,1.06,0.26%,402.8,405.69,401.56,112844,11:26 ET
HUN,Huntsman Corp,25.65,0.42,1.66%,25.36,25.78,25.13,339577,11:26 ET
HWM,Howmet Aerospace Inc,25.16,-0.42,-1.64%,25.23,25.42,24.91,552015,11:26 ET
HXL,Hexcel Corp,54.56,0.03,0.05%,54.01,55.65,54,139338,11:24 ET
HZNP,Horizon Therapeutics,71.08,1.21,1.73%,70.56,71.49,69.83,303874,11:27 ET
IAA,Iaa Inc,60.39,0.05,0.08%,59.91,60.67,59.91,34220,11:27 ET
IAC,Iac Holdings Inc,141.55,-1.52,-1.06%,143.9,145.51,140.11,145040,11:25 ET
IART,Integra Lifesciences,54.94,-0.09,-0.16%,54.81,55.02,54.26,24614,11:19 ET
IBKR,Interactive Brokers,53.13,-0.34,-0.64%,53.2,53.47,52.92,115993,11:25 ET
IBM,International Business Machines,125.82,1.12,0.90%,125.32,126.2,124.4,1411507,11:27 ET
ICE,Intercontinental Exchange,110.21,-0.07,-0.06%,110.01,110.21,109.2,442846,11:27 ET
ICUI,I C U Medical Inc,198.62,2.05,1.04%,195.63,198.64,195.63,6669,11:23 ET
IDA,Idacorp Inc,91.75,-0.67,-0.72%,91.89,92.42,91.64,46964,11:26 ET
IDXX,Idexx Laboratories,457.12,-2.24,-0.49%,461.92,461.92,453.24,86183,11:27 ET
IEX,Idex Corp,194.05,3.13,1.64%,189.76,194.56,189.76,63742,11:24 ET
IFF,International Flavors & Fragrances,115.36,0.45,0.39%,114.46,115.57,113.93,385852,11:25 ET
ILMN,Illumina Inc,340.88,-1.94,-0.57%,341.19,342.82,335.67,297274,11:27 ET
INCY,Incyte Corp,82.32,-0.74,-0.89%,83.2,83.35,82.23,109004,11:25 ET
INFO,IHS Markit Ltd,92.61,-0.21,-0.23%,92.03,93,92.01,631216,11:27 ET
INGR,Ingredion Inc,80.9,0.07,0.09%,80.4,81.07,80.33,79365,11:27 ET
INTC,Intel Corp,50.17,-0.03,-0.06%,49.83,50.68,49.75,9870547,11:27 ET
INTU,Intuit Inc,379.24,7.05,1.89%,372.4,380.5,370.52,598312,11:27 ET
INVH,Invitation Homes Inc,29.32,-0.32,-1.08%,29.5,29.62,29.2,607041,11:27 ET
IONS,Ionis Pharmaceuticals,49.63,-0.68,-1.35%,50.3,50.91,49.3,257390,11:24 ET
IOVA,Iovance Biotherapeutics Inc,46.69,0.19,0.41%,46.71,46.98,44.71,453616,11:26 ET
IP,International Paper Company,48.53,-0.14,-0.29%,48.38,48.9,48.28,353532,11:27 ET
IPG,Interpublic Group of Companies,23.83,-0.01,-0.04%,23.66,23.94,23.55,562830,11:27 ET
IPGP,Ipg Photonics Corp,213.62,-0.37,-0.17%,213.96,217,213.49,43354,11:24 ET
IPHI,Inphi Corp,151.61,-0.31,-0.20%,151.81,152.28,150.51,118131,11:27 ET
IQV,Iqvia Holdings Inc,169.82,-0.25,-0.15%,169.44,170.38,168.38,254655,11:27 ET
IR,Ingersoll Rand Inc,44.43,0.1,0.23%,44.04,44.54,44.01,344513,11:27 ET
IRM,Iron Mountain Inc,30.11,0.63,2.14%,29.4,30.21,29.36,1269816,11:27 ET
ISRG,Intuitive Surg Inc,763.45,-0.94,-0.12%,762.86,764.69,755,102223,11:26 ET
IT,Gartner Inc,154.77,-0.77,-0.50%,154.9,156.54,154.54,68889,11:27 ET
ITT,ITT Inc,76.25,0,0.00%,75.48,76.43,75.36,58208,11:22 ET
ITW,Illinois Tool Works Inc,205.99,3.26,1.61%,202,206.03,201.7,232218,11:27 ET
IVZ,Invesco Plc,18.15,0.13,0.72%,17.81,18.17,17.58,1456506,11:26 ET
J,Jacobs Engineering Group Inc,109.21,-0.64,-0.58%,108.69,110.13,108.35,85974,11:27 ET
JAMF,Jamf Holding Corp,31.44,-0.3,-0.95%,32,32.15,31.15,118417,11:27 ET
JAZZ,Jazz Pharma Plc,149.07,0.63,0.42%,148,149.51,147.27,75431,11:24 ET
JBGS,Jbg Smith Properties,32.02,0.06,0.19%,31.6,32.05,31.54,128368,11:22 ET
JBHT,J B Hunt Transport,139.28,0.76,0.55%,138.65,140.25,138.28,149165,11:26 ET
JBL,Jabil Circuit,40.4,-0.33,-0.81%,39.71,40.83,39.62,244077,11:24 ET
JBLU,Jetblue Airways Cp,15.43,0.01,0.06%,15.25,15.61,15.17,3148738,11:27 ET
JCI,Johnson Controls Intl,45.38,0.13,0.29%,45.1,46.16,45.08,962967,11:27 ET
JEF,Jefferies Financial Group Inc,23.35,-0.15,-0.64%,23.17,23.38,23.08,495482,11:24 ET
JKHY,Jack Henry & Assoc,159.11,0.62,0.39%,158.82,159.28,158.2,59378,11:27 ET
JLL,Jones Lang Lasalle Inc,147.57,-0.34,-0.23%,146.7,149.13,146.53,130669,11:22 ET
JNJ,Johnson & Johnson,151.55,2.58,1.73%,150,152.14,148.38,3265499,11:27 ET
JNPR,Juniper Networks,21.71,-0.4,-1.81%,21.58,21.87,21.4,1702379,11:27 ET
JPM,JP Morgan Chase & Company,122.16,0.28,0.23%,121.04,122.16,120.75,2329414,11:27 ET
JW.A,John Wiley Sons Cl A,42.74,6.17,16.87%,41.04,43.97,36.5,277875,11:27 ET
JWN,Nordstrom,31.67,0.73,2.36%,30.58,32.37,30.35,2496952,11:27 ET
K,Kellogg Company,62.41,0.46,0.74%,62.11,62.48,61.75,641004,11:27 ET
KDP,Keurig Dr Pepper Inc,30.57,-0.14,-0.46%,30.6,30.83,30.31,1288304,11:26 ET
KEX,Kirby Corp,54.29,0.51,0.95%,53,54.41,53,54613,11:24 ET
KEY,Keycorp,15.99,0.12,0.76%,15.75,16.02,15.59,1979199,11:27 ET
KEYS,Keysight Technologies Inc Comm,125.8,0.89,0.71%,124.67,126.3,124.51,355652,11:27 ET
KHC,Kraft Heinz Company,34.14,0.54,1.61%,33.63,34.17,33.4,1739170,11:27 ET
KIM,Kimco Realty Corp,14.94,-0.16,-1.06%,14.7,15.1,14.51,850059,11:27 ET
KKR,KKR & CO LP,40.11,0.24,0.60%,39.69,40.24,39.69,299243,11:27 ET
KLAC,K L A-Tencor Corp,265.03,-1.67,-0.63%,267.08,269.68,264.96,177959,11:27 ET
KMB,Kimberly-Clark Corp,137.21,0.29,0.21%,135.95,137.34,135.17,477689,11:27 ET
KMI,Kinder Morgan,14.89,0.09,0.61%,14.69,14.99,14.67,6202789,11:27 ET
KMPR,Kemper Corp,76.44,-0.2,-0.26%,75.94,76.72,75.94,16132,11:20 ET
KMX,Carmax Inc,94.41,-1.65,-1.72%,95.18,95.77,93.9,359256,11:26 ET
KNX,Knight-Swift Transporation Inc,41.8,0.03,0.07%,41.5,42.21,41.47,322138,11:26 ET
KO,Coca-Cola Company,53.28,0.29,0.55%,52.94,53.37,52.73,2853758,11:27 ET
KR,Kroger Company,30.97,0.02,0.06%,30.89,31.12,30.88,2975467,11:27 ET
KRC,Kilroy Realty Corp,62.42,0.36,0.58%,61.57,62.67,61.57,257597,11:27 ET
KSS,Kohl's Corp,40.98,0.54,1.34%,39.73,41.19,39.7,2065807,11:27 ET
KSU,Kansas City Southern,196.64,1.39,0.71%,194.04,197.19,193.66,145104,11:27 ET
L,Loews Corp,43.2,0.44,1.03%,42.21,43.27,42.17,153465,11:24 ET
LAMR,Lamar Advertis A,79.66,-1.19,-1.47%,80.42,81.35,79.27,46026,11:24 ET
LAZ,Lazard Ltd,40.8,0.3,0.74%,39.85,41,39.5,160667,11:23 ET
LB,L Brands Inc,40.64,0.4,0.99%,40.05,40.83,39.9,709526,11:27 ET
LBRDA,Liberty Broadbd A,160.13,-1.7,-1.05%,161.47,161.79,159.77,12141,11:25 ET
LBRDK,Liberty Broadbd C,162.73,-2.26,-1.37%,164.61,165.23,162.35,153996,11:25 ET
LDOS,Leidos Holdings Inc,103.78,0.28,0.27%,102.89,104.21,102.84,125408,11:27 ET
LEA,Lear Corp,157.29,-0.22,-0.14%,156.2,157.7,155.71,84477,11:27 ET
LECO,Lincoln Elec Hld,118.83,0.57,0.48%,118.28,119.72,118,29312,11:26 ET
LEG,Leggett & Platt Inc,43.9,-0.23,-0.52%,43.72,44.17,43.3,156994,11:25 ET
LEN,Lennar Corp,73.25,-3.08,-4.04%,75.33,75.68,72.83,832759,11:25 ET
LEN.B,Lennar Corp Cl B,58.68,-2.14,-3.52%,60.35,60.35,58.45,13859,11:23 ET
LFUS,Littelfuse Inc,249.51,1.96,0.79%,246,250.65,246,17510,11:24 ET
LGF.A,Lions Gate Entertainment Corp Cl A,9.73,-0.16,-1.62%,9.81,9.97,9.73,221649,11:24 ET
LGF.B,Lions Gate Entertainment Corp Cl B,8.95,-0.14,-1.54%,8.95,9.15,8.9,135471,11:24 ET
LH,Laboratory Corp of America Holdings,202.19,4.86,2.46%,196.55,202.65,196.55,198314,11:27 ET
LHX,L3Harris Technologies Inc,190.6,-1.03,-0.54%,190.13,192.23,189.64,214736,11:25 ET
LII,Lennox International,280.05,3,1.08%,277.43,280.05,276.76,25966,11:26 ET
LIN,Linde Plc,248.87,-0.91,-0.36%,248,249.55,246.57,349858,11:27 ET
LITE,Lumentum Hld,91.59,0.12,0.13%,91.02,91.95,90.51,294112,11:25 ET
LKQ,LKQ Corp,36.9,-0.19,-0.51%,36.76,37.02,36.63,482238,11:27 ET
LLY,Eli Lilly and Company,148.9,1.48,1.00%,146.98,149.34,146.91,660149,11:26 ET
LMND,Lemonade Inc,92.38,0.66,0.72%,97.31,97.65,89.35,1931814,11:27 ET
LMT,Lockheed Martin Corp,360.84,-1.29,-0.36%,360.98,363.17,360.58,389692,11:27 ET
LNC,Lincoln National Corp,53.18,-0.04,-0.08%,52.31,53.7,52.01,326496,11:25 ET
LNG,Cheniere Energy,60.86,1,1.67%,59.9,61.02,59.61,360105,11:27 ET
LNT,Alliant Energy Corp,52.86,-0.48,-0.90%,53.1,53.31,52.55,278595,11:27 ET
LOPE,Grand Canyon Educati,87.33,0.26,0.30%,86.78,87.8,86.3,28016,11:27 ET
LOW,Lowe's Companies,151.51,-0.48,-0.32%,152.66,153.03,150.46,1354766,11:27 ET
LPLA,Lpl Financial Hld,99.13,-0.13,-0.13%,98.3,99.64,97.83,70618,11:27 ET
LRCX,Lam Research Corp,508.92,0.24,0.05%,505.62,511.76,505,446364,11:27 ET
LSI,Life Storage,112.5,0.88,0.79%,111.24,112.67,111.1,154774,11:27 ET
LSTR,Landstar System,136.44,1.79,1.33%,134.36,137.08,133.84,113449,11:27 ET
LSXMA,Liberty Srs XM CS A,42.88,0.28,0.66%,42.32,43.16,42.24,179721,11:23 ET
LSXMK,Liberty Srs XM CS C,42.87,0.15,0.35%,42.25,43.2,42.25,204085,11:23 ET
LULU,Lululemon Athletica,374.25,2.77,0.75%,372.03,375.67,367,479890,11:27 ET
LUMN,Centurylink,10.08,0.22,2.23%,9.96,10.15,9.76,5642087,11:27 ET
LUV,Southwest Airlines Company,47.3,-0.59,-1.23%,47.3,47.92,47.06,2941419,11:27 ET
LVS,Las Vegas Sands,58.89,-0.05,-0.08%,58.25,59.5,58.21,939751,11:27 ET
LW,Lamb Weston Holdings Inc,77.72,1.12,1.46%,75.79,77.93,75.69,143165,11:27 ET
LYB,Lyondellbasell Industries NV,88.11,1,1.15%,86.7,88.82,86.25,275788,11:27 ET
LYFT,Lyft Inc Cl A,47.78,1.22,2.62%,46.04,47.9,46.01,2095209,11:27 ET
LYV,Live Nation Entertainment,70.13,0.2,0.29%,69.6,70.61,69,495802,11:26 ET
MA,Mastercard Inc,341.73,0.77,0.23%,338.28,341.96,336.7,622178,11:27 ET
MAA,Mid-America Apartment Communities,124.19,-1.13,-0.90%,124.75,125.49,123.93,94054,11:27 ET
MAN,Manpower Inc,90.41,0.8,0.89%,88.71,91.33,88.71,83289,11:26 ET
MANH,Manhattan Assoc,102.77,0.32,0.31%,101.63,103.12,101.21,58958,11:27 ET
MAR,Marriot Int Cl A,133.58,0.62,0.47%,131.5,133.85,131.05,421002,11:27 ET
MAS,Masco Corp,52.63,-0.11,-0.21%,52.56,52.87,52.11,365207,11:27 ET
MASI,Masimo Corp,272.09,4.56,1.70%,268.5,272.25,268.27,85283,11:23 ET
MAT,Mattel Inc,15.66,0.23,1.49%,15.38,15.73,15.28,931535,11:27 ET
MCD,McDonald's Corp,208.27,-0.62,-0.30%,206.55,208.63,206.41,780973,11:27 ET
MCHP,Microchip Technology,143.91,-1.08,-0.74%,143.75,145.27,143.17,360053,11:27 ET
MCK,Mckesson Corp,179.2,0.94,0.53%,176.97,179.85,176.58,173888,11:27 ET
MCO,Moody's Corp,281.64,-1.46,-0.52%,281.75,283.1,280.2,94880,11:27 ET
MCY,Mercury General Corp,45.26,0.35,0.78%,44.61,45.39,44.61,17541,11:24 ET
MDB,Mongodb Inc Cl A,283.99,3.53,1.26%,281.71,284.29,278.33,279373,11:27 ET
MDLA,Medallia Inc,32.64,1.18,3.75%,31.3,32.67,31.1,484369,11:27 ET
MDLZ,Mondelez Intl Inc,58.51,0.1,0.17%,58.26,58.56,58.03,1233090,11:27 ET
MDT,Medtronic Inc,110.89,-1.72,-1.53%,112.05,112.36,110.83,1125668,11:27 ET
MDU,Mdu Res Group Inc,25.02,0.11,0.44%,24.77,25.11,24.77,210254,11:27 ET
MET,Metlife Inc,47.55,-0.03,-0.06%,47.66,47.85,47.1,1238616,11:27 ET
MGM,MGM Resorts International,29.74,-0.09,-0.30%,29.5,30.35,29.5,2426489,11:26 ET
MHK,Mohawk Industries,132.25,-2.35,-1.75%,132.27,134.67,132.04,100081,11:24 ET
MIC,Macquarie Infrastructure Company Trust,32.59,-0.08,-0.24%,32.5,33,32.48,81426,11:27 ET
MIDD,Middleby Corp,137.79,0.48,0.35%,136.44,139.5,135.66,102888,11:21 ET
MKC,Mccormick & Company Inc,93.54,0.9,0.97%,92.17,93.85,92.05,157699,11:26 ET
MKL,Markel Corp,1003.2,21.06,2.14%,979.19,1005.8,978,13534,11:24 ET
MKSI,Mks Instruments Inc,155.53,0.27,0.17%,154,156.13,153.7,81918,11:23 ET
MKTX,Marketaxess Holdings,564.42,-5.52,-0.97%,566.13,569.28,561.94,211440,11:27 ET
MLM,Martin Marietta Materials,286.27,1.33,0.47%,282.27,287.55,280.41,64386,11:25 ET
MMC,Marsh & Mclennan Companies,116.19,0.13,0.11%,114.18,116.26,113.71,393052,11:27 ET
MMM,3M Company,172,1.85,1.09%,169.74,172.83,169.5,545866,11:27 ET
MNST,Monster Beverage Cp,88.24,1.07,1.23%,87.86,88.36,86.81,669170,11:27 ET
MO,Altria Group,41.99,0.3,0.72%,41.4,42.08,40.93,3153867,11:27 ET
MOH,Molina Healthcare Inc,211.26,-0.19,-0.09%,209.69,212.3,209.11,40214,11:27 ET
MORN,Morningstar Inc,198.94,-1.68,-0.84%,199.38,200.11,197,25150,11:27 ET
MOS,Mosaic Company,22.55,0.5,2.27%,22.05,22.74,22.02,992845,11:27 ET
MPC,Marathon Petroleum Corp,43.14,0.93,2.20%,41.55,43.29,41.41,1322713,11:27 ET
MPW,Medical Properties Trust,20.76,0.01,0.05%,20.7,20.88,20.69,1079391,11:26 ET
MPWR,Monolithic Power Sys,319.72,-2.72,-0.84%,321.88,324.57,317.96,74950,11:26 ET
MRCY,Mercury Sys Inc,80.42,3.17,4.10%,77.5,80.86,77.5,132846,11:24 ET
MRK,Merck & Company,83.49,0.98,1.19%,82.29,83.55,82.01,1919446,11:27 ET
MRNA,Moderna Inc,167.84,8.32,5.22%,165.75,170.51,162.5,13672312,11:27 ET
MRO,Marathon Oil Corp,7.07,0.38,5.68%,6.62,7.15,6.59,13896139,11:27 ET
MRVL,Marvell Tech Group,43.86,-0.28,-0.63%,43.89,44.14,43.58,2057223,11:27 ET
MS,Morgan Stanley,64.05,-0.21,-0.33%,63.47,64.23,63.39,1678709,11:27 ET
MSA,Msa Safety Inc,151.94,1.05,0.70%,150.17,152.99,150.17,10187,11:23 ET
MSCI,MSCI Inc,427.1,4.28,1.01%,423.55,428.16,421.87,77176,11:26 ET
MSFT,Microsoft Corp,214.93,0.64,0.30%,213.97,215.14,212.89,6726947,11:27 ET
MSGE,Madison Square Garden Entertainment Corp,79.95,-0.51,-0.63%,79.95,81,79.54,13907,11:13 ET
MSGS,Madison Square Garden Sports Corp,178.27,1.36,0.77%,176,180.17,176,22223,11:18 ET
MSI,Motorola Solutions,170.01,-0.45,-0.26%,169.32,170.49,168.34,231842,11:26 ET
MSM,Msc Industrial Direct Company,84.33,0.54,0.64%,83.2,84.64,83.17,27618,11:19 ET
MTB,M&T Bank Corp,126.24,-0.96,-0.75%,125.44,128.29,124.52,112409,11:27 ET
MTCH,Match Group Inc,145.94,-0.13,-0.09%,146.56,147.4,144.66,291018,11:27 ET
MTD,Mettler-Toledo International,1145.31,20.16,1.79%,1122.83,1148.49,1118.95,26614,11:27 ET
MTG,Mgic Investment Corp,12.21,-0.02,-0.16%,12.07,12.28,12.07,1366954,11:26 ET
MTN,Vail Resorts,286.61,6.51,2.32%,278.99,287.19,278.99,118997,11:17 ET
MU,Micron Technology,72.9,0.29,0.40%,72,73.07,71.92,4971979,11:27 ET
MUR,Murphy Oil Corp,12.21,0.51,4.36%,11.56,12.23,11.55,1809995,11:27 ET
MXIM,Maxim Integrated,86.79,0.51,0.59%,85.93,86.83,85.7,279626,11:27 ET
NATI,Natl Instruments Cor,39.65,0.16,0.41%,39.28,39.84,39.28,46716,11:23 ET
NBIX,Neurocrine Bioscienc,90.25,-0.82,-0.90%,91,92.13,90.05,127407,11:27 ET
NCLH,Norwegian Cruise Ord,27.93,1.43,5.40%,26.3,28.03,26.25,12945976,11:27 ET
NCNO,Ncino Inc,89.6,1.99,2.27%,87,89.68,86.93,195165,11:27 ET
NCR,NCR Corp,32.95,-0.4,-1.20%,33,33.49,32.81,404131,11:26 ET
NDAQ,Nasdaq Inc,128.83,0.27,0.21%,128.5,129.02,127.3,123912,11:26 ET
NDSN,Nordson Corp,198.12,-0.9,-0.45%,198.76,199.54,198.09,15463,11:11 ET
NEE,Nextera Energy,73.28,0.01,0.01%,72.86,73.5,72.12,2485244,11:27 ET
NEM,Newmont Mining Corp,61.66,0.22,0.36%,62.01,62.03,61,1623593,11:27 ET
NET,Cloudflare Inc Cl A,83.57,1.61,1.96%,82.16,83.92,80.88,2168705,11:27 ET
NEU,Newmarket Corp,381.79,-0.21,-0.05%,379.59,382.85,378.21,2531,11:27 ET
NEWR,New Relic Inc,63.4,0.3,0.48%,63.01,63.74,62.73,51184,11:23 ET
NFG,National Fuel Gas Company,41.97,0.5,1.21%,41.17,42.08,41.17,57806,11:27 ET
NFLX,Netflix Inc,508.59,-7.19,-1.39%,517.9,521.49,505.58,1678366,11:27 ET
NI,NiSource Inc,23.45,-0.47,-1.96%,23.78,23.9,23.42,733363,11:27 ET
NKE,Nike Inc,139.89,1.14,0.82%,138.24,140,137.65,1279632,11:27 ET
NKTR,Nektar Therapeutics,17.25,-0.09,-0.52%,17.16,17.5,17.04,146714,11:27 ET
NLOK,Nortonlifelock Inc,19.53,-0.18,-0.91%,19.8,19.95,19.51,1373375,11:27 ET
NLSN,Nielsen Holdings Plc,17.56,0.31,1.80%,17.2,17.68,17.03,674537,11:27 ET
NLY,Annaly Capital Management Inc,8.35,0.08,0.97%,8.25,8.35,8.24,2666127,11:27 ET
NNN,National Retail Properties,39.26,-0.09,-0.23%,39.09,39.52,39.09,114277,11:25 ET
NOC,Northrop Grumman Corp,302.09,1.09,0.36%,300.76,308.64,300,223498,11:26 ET
NOV,National-Oilwell,14.24,0.22,1.57%,13.78,14.37,13.77,1006237,11:27 ET
NOW,Servicenow Inc,537.17,3.92,0.74%,536.79,537.48,528.6,772258,11:27 ET
NRG,NRG Energy,34,0.12,0.35%,33.79,34.07,33.64,268806,11:27 ET
NRZ,New Residential Investment Corp,9.62,0.12,1.26%,9.46,9.64,9.42,1082928,11:26 ET
NSC,Norfolk Southern Corp,239.42,0.36,0.15%,237.39,239.59,237.01,169444,11:27 ET
NTAP,Netapp Inc,60.46,0.09,0.15%,60.17,61.1,59.91,443676,11:25 ET
NTNX,Nutanix Inc,28.93,0.35,1.22%,28.51,29.21,28.51,261560,11:24 ET
NTRS,Northern Trust Corp,94.33,-0.09,-0.10%,93.22,94.51,93.22,139769,11:25 ET
NUAN,Nuance Communicatns,42.16,0.68,1.64%,41.29,42.18,41.1,893950,11:26 ET
NUE,Nucor Corp,56.99,1.05,1.88%,55.42,57.5,55.42,784429,11:27 ET
NUS,Nu Skin Enterprises,52.48,-0.07,-0.13%,52.01,52.71,51.84,48642,11:24 ET
NVCR,Novocure Ltd Ord Sh,153.28,0.95,0.62%,153,153.74,150.89,191259,11:23 ET
NVDA,Nvidia Corp,534.23,-10.04,-1.84%,543.4,543.95,531.26,2469718,11:27 ET
NVR,NVR Inc,3988.54,-11.46,-0.29%,3960,4007,3925.56,8360,11:22 ET
NVST,Envista Holdings Corp,31.63,-0.04,-0.13%,31.66,31.96,31.51,252382,11:26 ET
NVT,Nvent Electric Plc,24.3,0.71,3.01%,24.25,24.45,24,317371,11:27 ET
NWL,Newell Rubbermaid Inc,20.51,-1.09,-5.05%,21.11,21.19,20.49,1392499,11:27 ET
NWS,News Cp Cl B,18.46,-0.01,-0.05%,18.35,18.46,18.25,67935,11:27 ET
NWSA,News Cp Cl A,18.44,-0.06,-0.32%,18.3,18.5,18.24,539449,11:26 ET
NXST,Nexstar Media Group Inc.,111.16,-0.21,-0.19%,110.96,112.88,110.24,83881,11:25 ET
NYCB,New York Community Bancorp,10.19,-0.07,-0.68%,10.16,10.24,10.11,658639,11:25 ET
NYT,New York Times Company,46.56,-0.18,-0.39%,46.56,46.82,46.32,305812,11:27 ET
O,Realty Income Corp,60.91,0.16,0.26%,60.67,61.12,60.59,468071,11:27 ET
OC,Owens Corning Inc,75.62,-0.87,-1.14%,75.61,76.62,75.31,155315,11:25 ET
ODFL,Old Dominion Freight Line Inc,207.91,-0.17,-0.08%,207.85,209.01,207.18,111873,11:27 ET
OFC,Corporate Office Properties,25.8,-0.12,-0.46%,25.58,25.93,25.58,276688,11:26 ET
OGE,Oge Energy Corp,32.62,-0.29,-0.88%,32.55,32.88,32.46,157149,11:27 ET
OHI,Omega Healthcare Investors,38.12,0.21,0.55%,37.49,38.24,37.47,209192,11:26 ET
OKE,Oneok Inc,41.28,0.97,2.41%,39.93,41.56,39.75,1049250,11:27 ET
OKTA,Okta Inc Cl A,251.79,5.74,2.33%,245,254.14,244.9,414082,11:27 ET
OLED,Universal Display,236.5,-1.09,-0.46%,237.17,238.62,235.28,39395,11:25 ET
OLLI,Ollies Bargain CS,79.81,1.04,1.32%,79,80.4,78.41,363484,11:25 ET
OLN,Olin Corp,22.68,0.22,0.98%,22.19,22.84,22.19,168249,11:25 ET
OMC,Omnicom Group Inc,64.15,-0.15,-0.23%,63.77,64.52,63.68,256870,11:27 ET
OMF,Onemain Holdings Inc,40.2,-0.54,-1.33%,40.15,40.53,39.8,65357,11:25 ET
ON,On Semiconductor,31.99,1.41,4.61%,31.95,32.6,31.5,8941089,11:27 ET
ORCL,Oracle Corp,59.4,-0.4,-0.67%,58.99,59.53,58.22,4538834,11:27 ET
ORI,Old Republic International Corp,18.44,0.03,0.16%,18.22,18.46,18.22,246203,11:26 ET
ORLY,O'Reilly Automotive,442.1,-6.52,-1.45%,445.71,448.4,437.57,136157,11:27 ET
OSH,Oak Street Health Inc,53.77,0.31,0.58%,54.08,55.18,53.55,87110,11:27 ET
OSK,Oshkosh Truck Corp,85.05,1.64,1.97%,83.05,85.68,82.97,194990,11:27 ET
OTIS,Otis Worldwide Corp [Otis/I],64.96,0.11,0.17%,64.78,65.14,64.68,288194,11:25 ET
OUT,Outfront Media Inc,19.69,-0.13,-0.66%,19.6,19.99,19.42,230022,11:27 ET
OXY,Occidental Petroleum Corp,18.93,0.74,4.07%,17.86,19.3,17.82,15085880,11:27 ET
OZK,Bank Ozk,30.41,0.16,0.53%,29.78,30.55,29.64,119109,11:27 ET
PACW,Pacwest Bancorp,25.11,-0.05,-0.20%,24.62,25.4,24.62,115475,11:24 ET
PAG,Penske Automotive Group,56.59,-0.39,-0.68%,56.46,57.06,56.41,38505,11:24 ET
PANW,Palo Alto Networks Inc,314.24,11.35,3.75%,303.45,314.56,303.01,539240,11:27 ET
PAYC,Paycom Software Inc,434.69,-2.31,-0.53%,437.3,442.15,433.14,93561,11:25 ET
PAYX,Paychex Inc,93.28,-0.27,-0.29%,93.72,93.86,92.72,220469,11:27 ET
PB,Prosperity Bancshares,66.23,-0.33,-0.50%,65.71,66.94,65.71,24436,11:25 ET
PBCT,People's United Finl,13.17,-0.17,-1.27%,13.14,13.34,13.08,910147,11:25 ET
PCAR,Paccar Inc,86.61,0.3,0.35%,86.16,86.86,86.11,117683,11:27 ET
PCG,Pacific Gas & Electric Company,12.44,-0.09,-0.72%,12.45,12.52,12.4,2748089,11:27 ET
PCTY,Paylocity Hld Corp,192.85,-1.36,-0.70%,194.69,196.85,191.75,230106,11:27 ET
PD,Pagerduty Inc,41.25,0.4,0.98%,40.81,41.79,40.22,680115,11:26 ET
PE,Parsley Energy,14.23,0.53,3.87%,13.53,14.28,13.51,1514321,11:27 ET
PEAK,Healthpeak Properties Inc,30.9,0.16,0.52%,30.69,31.14,30.48,597403,11:27 ET
PEG,Public Service Enterprise Group Inc,57.21,-0.32,-0.56%,57.24,57.33,56.66,369489,11:27 ET
PEGA,Pegasystems Inc,127.86,-0.2,-0.16%,128.25,128.57,127.21,67753,11:27 ET
PEN,Penumbra Inc,196.29,-27.73,-12.38%,199.16,215,193.99,1426345,11:27 ET
PEP,Pepsico Inc,145.79,0.42,0.29%,145.33,145.95,144.29,667447,11:27 ET
PFE,Pfizer Inc,42.25,1,2.42%,41.4,42.26,41.14,30270294,11:27 ET
PFG,Principal Financial Group Inc,50.63,-0.08,-0.16%,50.04,51.07,50.04,233432,11:26 ET
PFPT,Proofpoint Inc,114.75,0.75,0.66%,114,115.17,113.67,110152,11:27 ET
PG,Procter & Gamble Company,137.91,0.23,0.17%,137.02,137.95,136.43,2227765,11:27 ET
PGR,Progressive Corp,92.74,2.49,2.76%,88.91,92.78,88.64,970835,11:27 ET
PGRE,Paramount Group Inc,9.49,0.01,0.11%,9.4,9.55,9.35,269411,11:25 ET
PH,Parker-Hannifin Corp,274.09,2.55,0.94%,269.06,274.84,269.06,87204,11:24 ET
PHM,Pultegroup,41.96,-1.66,-3.81%,42.8,43.26,41.72,819981,11:27 ET
PII,Polaris Industries Inc,94.13,-1.49,-1.56%,95.05,95.28,93.4,131734,11:27 ET
PINC,Premier Inc Cl A,35.87,0.38,1.07%,35.81,36.12,35.48,131884,11:26 ET
PINS,Pinterest Inc,69.06,-1.25,-1.78%,70.25,70.8,68.42,2678775,11:27 ET
PK,Park Hotels & Resorts Inc,17.85,0.25,1.42%,17.34,18,17.34,854374,11:26 ET
PKG,Packaging Corp of America,136.3,1.37,1.02%,133.64,136.3,133.64,105787,11:23 ET
PKI,Perkinelmer,145.02,1.13,0.79%,143.5,145.23,143.45,155604,11:27 ET
PLAN,Anaplan Inc,72.65,1.48,2.08%,71,72.65,70.95,198264,11:25 ET
PLD,Prologis Inc,97.55,0.02,0.02%,97.72,98.21,97.29,507417,11:27 ET
PLNT,Planet Fitness,75.21,0.45,0.60%,74.32,75.41,73.87,180711,11:27 ET
PM,Philip Morris International Inc,82.6,0.92,1.13%,81.28,82.71,80.88,795788,11:27 ET
PNC,PNC Bank,141.8,-0.01,-0.01%,140.06,142.43,139.66,410457,11:27 ET
PNFP,Pinnacle Finl Ptnrs,59.56,-0.47,-0.78%,60.03,60.46,58.98,85992,11:27 ET
PNR,Pentair Ltd,51.13,0.28,0.55%,50.64,51.49,50.33,277142,11:26 ET
PNW,Pinnacle West Capital Corp,82.33,-0.25,-0.30%,82.03,82.6,81.54,123323,11:27 ET
PODD,Insulet Corp,246.94,-2.75,-1.10%,251.39,251.68,245.31,95678,11:20 ET
POOL,Pool Corp,334.49,1.9,0.57%,334.59,336.42,330.04,65789,11:26 ET
POST,Post Holdings Inc,93.36,0.47,0.51%,92.24,93.36,92.04,110735,11:25 ET
PPC,Pilgrim's Pride,20.47,-0.15,-0.73%,20.56,20.88,20.35,313082,11:26 ET
PPD,Ppd Inc,34.96,-0.39,-1.10%,35.57,35.8,34.64,103694,11:24 ET
PPG,PPG Industries,144.98,0.08,0.06%,144.18,145.82,143.97,219642,11:27 ET
PPL,PPL Corp,28.98,0.13,0.45%,28.76,29.04,28.68,1117132,11:27 ET
PRAH,Pra Health,113.61,1.13,1.00%,112.9,113.61,112.13,30650,11:21 ET
PRGO,Perrigo Company,48.75,0.01,0.02%,48.5,48.96,48.19,209745,11:26 ET
PRI,Primerica Inc,138.89,-0.31,-0.22%,137.93,140.15,137.68,16583,11:22 ET
PRU,Prudential Financial Inc,80.16,0.18,0.23%,79.27,80.43,79.19,462427,11:27 ET
PS,Pluralsight Inc Cl A,17.9,-0.18,-1.00%,18,18.36,17.81,204514,11:27 ET
PSA,Public Storage,224.2,-0.48,-0.21%,224.78,224.78,222.23,81564,11:27 ET
PSTG,Pure Storage Inc,21.62,0.29,1.36%,21.25,21.81,21.17,935655,11:27 ET
PSX,Phillips 66,68.91,1.86,2.77%,66.06,68.99,66.06,738526,11:27 ET
PTC,Ptc Inc,111.8,0.65,0.58%,111.64,112,111,73881,11:17 ET
PTON,Peloton Interactive Inc,116.77,0.14,0.12%,115.92,118,112.03,4565287,11:27 ET
PVH,Phillips-Van Heusen Corp,92.28,0.02,0.02%,90.44,92.59,90.32,364033,11:27 ET
PWR,Quanta Services,72.07,0.56,0.78%,71.37,72.4,71.18,312439,11:27 ET
PXD,Pioneer Natural Resources Company,114.61,4.33,3.93%,109.79,115.1,108.73,546479,11:27 ET
PYPL,Paypal Holdings,216.74,-1.19,-0.55%,216.32,218.51,215.54,1386818,11:27 ET
QCOM,Qualcomm Inc,157.18,-0.84,-0.53%,157.46,158.18,155.87,1618025,11:27 ET
QDEL,Quidel Cp,192.42,-1.5,-0.77%,194.85,196.57,190.82,104499,11:27 ET
QGEN,Qiagen N.V.,50.73,1.78,3.64%,50.48,51.24,50.07,435514,11:27 ET
QRTEA,Qurate Retail Inc Series A,10.35,0.14,1.37%,10.21,10.41,10.12,1129496,11:27 ET
QRVO,Qorvo Inc,168.04,1.1,0.66%,168.87,169.76,167.29,316993,11:26 ET
R,Ryder System,61.32,0.53,0.87%,60.5,62,60.5,56458,11:21 ET
RBC,Regal-Beloit Corp,118.56,2.15,1.85%,118.46,120.19,117.35,79612,11:24 ET
RCL,Royal Caribbean Cruises Ltd,83.58,1.96,2.40%,80.67,83.85,80.51,1631244,11:27 ET
RE,Everest Re Group,233.49,3.17,1.38%,232.88,234.27,230.6,56489,11:27 ET
REG,Regency Centers Corp,48.22,0.14,0.29%,47.38,48.63,47.38,167927,11:25 ET
REGN,Regeneron Pharmaceuticals,486.9,-8.51,-1.72%,497.1,498,486.5,308561,11:26 ET
RETA,Reata Pharma,131.72,-2.23,-1.66%,133.11,135.38,131.72,49764,11:26 ET
REXR,Rexford Industrial Realty Inc,48.06,-0.47,-0.97%,48.43,48.73,47.82,186393,11:27 ET
REYN,Reynolds Consumer Products Inc,30.35,0.29,0.96%,30.18,30.42,29.91,83815,11:27 ET
RF,Regions Financial Corp,15.93,-0.04,-0.25%,15.87,16.09,15.77,2723512,11:27 ET
RGA,Reinsurance Group of America Inc,120.81,1.3,1.09%,118.21,120.88,118.21,61884,11:27 ET
RGEN,Repligen Cp,182.3,-3.61,-1.94%,176.5,184.78,176.25,597820,11:26 ET
RGLD,Royal Gold Inc,112.72,0.05,0.04%,113,113.87,110.79,65839,11:21 ET
RHI,Robert Half International Inc,64.48,-0.05,-0.08%,63.88,65.05,63.79,417369,11:27 ET
RJF,Raymond James Financial,92.91,-1.6,-1.69%,93.09,94.25,92.3,176160,11:27 ET
RKT,Rocket Companies Inc Cl A,20.48,0.78,3.96%,19.8,20.61,19.66,5718818,11:27 ET
RL,Ralph Lauren Corp,96.77,1.28,1.34%,94.89,97.04,94.44,235768,11:26 ET
RMD,Resmed Inc,210.12,0.91,0.43%,208.26,210.65,207.48,43893,11:26 ET
RNG,Ringcentral Inc,345.07,-1.7,-0.49%,346.77,348.53,343.07,172800,11:27 ET
RNR,Renaissancere Holdings Ltd,163.85,0.5,0.31%,162.88,165.36,162.82,64280,11:25 ET
ROK,Rockwell Automation Inc,248.72,3.59,1.46%,244.22,249.33,244.08,108201,11:26 ET
ROKU,Roku Inc,306.11,6.13,2.04%,299.98,307.43,297.25,1193586,11:26 ET
ROL,Rollins Inc,56.24,0.23,0.41%,55.81,56.38,55.39,194462,11:27 ET
ROP,Roper Industries,420.33,1.35,0.32%,416.23,423.22,416.23,80720,11:23 ET
ROST,Ross Stores Inc,112.5,-1.1,-0.97%,112.51,114.26,111.62,298844,11:27 ET
RP,Realpage Inc,69.29,-0.18,-0.26%,69.66,69.95,69.2,61749,11:27 ET
RPM,RPM International Inc,86.63,-0.12,-0.14%,86.73,87.17,86.44,59726,11:27 ET
RPRX,Royalty Pharma Plc Cl A,44.76,2.01,4.70%,42.74,45,42.69,324074,11:25 ET
RS,Reliance Steel & Aluminum Company,121.17,0.73,0.61%,119.7,121.58,119.08,69389,11:26 ET
RSG,Republic Services,94.81,-0.04,-0.04%,94.31,95.14,94.24,319657,11:26 ET
RTX,Raytheon Technologies Corp,73.98,0.94,1.29%,73.19,74.31,72.79,1071827,11:27 ET
RYN,Rayonier Inc REIT,29.2,0.12,0.41%,28.87,29.24,28.82,87024,11:27 ET
SABR,Sabre Corp,12.31,0.16,1.32%,12.09,12.34,12.04,2099542,11:26 ET
SAGE,Sage Therapeutic Com,71.2,-0.82,-1.14%,71.53,72.4,70.39,252983,11:24 ET
SAIC,Science Applications International,97.29,0.74,0.77%,96.12,97.43,95.9,104054,11:24 ET
SAM,Boston Beer Company,940.06,2.69,0.29%,927.36,947.15,924.51,28440,11:24 ET
SATS,Echostar Corp,22.44,-0.09,-0.40%,23,23,22.03,330453,11:26 ET
SBAC,SBA Communications,279.46,-4.33,-1.53%,282.79,284.37,278.42,108618,11:26 ET
SBNY,Signature Bank,121.5,-1.84,-1.49%,123.25,124.21,120.78,62278,11:27 ET
SBUX,Starbucks Corp,101.36,-0.05,-0.05%,100.37,101.55,100.01,1297373,11:27 ET
SC,Santander Consumer USA Holdings,22.89,-0.18,-0.78%,22.78,23.15,22.64,34506,11:24 ET
SCCO,Southern Peru Copper Corp,60.49,1.23,2.08%,58.9,60.74,58.9,455061,11:27 ET
SCHW,The Charles Schwab Corp,50.81,0.05,0.10%,50.15,50.97,50.15,1055514,11:27 ET
SCI,Service Corp International,49.29,0.01,0.02%,49.01,49.4,48.93,139159,11:27 ET
SEB,Seaboard Corp,3257,-42,-1.27%,3298.35,3298.35,3250,101,11:05 ET
SEDG,Solaredge Tech,284.61,6.29,2.26%,279.25,287,272.01,409495,11:27 ET
SEE,Sealed Air Corp,44.97,0.09,0.20%,44.52,45.23,44.52,118668,11:26 ET
SEIC,Sei Investments Company,56,0.25,0.45%,55.8,56.32,55.65,63569,11:26 ET
SFM,Sprouts Farmers Mark,19.85,-0.08,-0.40%,19.98,20,19.68,455677,11:27 ET
SGEN,Seattle Genetics Inc,180.99,1.75,0.98%,179.66,181,177.36,120067,11:26 ET
SHW,Sherwin-Williams Company,716.71,6.63,0.93%,711.43,717.98,710.8,116967,11:25 ET
SIRI,Sirius XM Holdings,6.56,0.04,0.61%,6.63,6.74,6.51,17386136,11:27 ET
SIVB,Svb Financial Group,355.76,0.8,0.23%,351.55,356.92,350.96,55104,11:26 ET
SIX,Six Flags Entertainment Corp,33.38,0.31,0.94%,32.5,33.79,32.5,244386,11:27 ET
SJM,J.M. Smucker Company,117.57,0.51,0.44%,116.76,117.64,115.95,382276,11:26 ET
SKX,Skechers U.S.A.,36.81,-0.55,-1.47%,37,37.4,36.75,235642,11:27 ET
SLB,Schlumberger N.V.,23.21,0.38,1.66%,22.5,23.3,22.44,2728258,11:27 ET
SLG,SL Green Realty Corp,62.78,0.35,0.56%,62.11,63.45,61.96,355538,11:26 ET
SLGN,Silgan Holdings,35.04,0.04,0.11%,35,35.22,34.92,68627,11:24 ET
SLM,SLM Corp,11.23,-0.17,-1.49%,11.32,11.52,11.14,1033375,11:26 ET
SMAR,Smartsheet Inc Cl A,73.9,11.43,18.30%,73.56,75.49,68.3,3439638,11:27 ET
SMG,Scotts Miracle-Gro Company,173.97,0.43,0.25%,171.7,174.74,171.07,40935,11:26 ET
SNA,Snap-On Inc,180.33,0.48,0.27%,178.53,180.83,178.06,90834,11:25 ET
SNDR,Schneider National Inc,21.1,-0.08,-0.38%,21.19,21.35,21.05,85620,11:27 ET
SNPS,Synopsys Inc,238.1,-1.07,-0.45%,241.3,241.3,236.64,174852,11:26 ET
SNV,Synovus Financial Corp,32.64,-0.36,-1.09%,32.45,33,32.31,241774,11:24 ET
SNX,Synnex Corp,78.9,-2.6,-3.19%,78.94,81.34,77.78,155796,11:27 ET
SO,Southern Company,61.19,-0.54,-0.87%,61.37,61.58,60.62,772447,11:27 ET
SON,Sonoco Products Company,60.58,0.36,0.60%,59.68,60.58,59.68,46093,11:10 ET
SPB,Spectrum Brands Holdings Inc,66.93,0.36,0.54%,66.25,67.19,65.63,91867,11:26 ET
SPCE,Virgin Galactic Holdings Inc,33,-0.8,-2.37%,33.07,35.43,31.61,13432696,11:27 ET
SPG,Simon Property Group,91.67,2.3,2.57%,89.73,91.81,87.3,2235300,11:27 ET
SPGI,S&P Global Inc,335.62,-0.62,-0.18%,335.3,336.93,333.13,363816,11:27 ET
SPLK,Splunk Inc,160,4.38,2.81%,155.93,160.5,154.29,1515896,11:27 ET
SPOT,Spotify Technology S.A.,336.42,-5.58,-1.63%,337,340.66,330.29,487634,11:26 ET
SPR,Spirit Aerosystems Holdings,39.19,0.49,1.27%,38.5,40,38.38,1350319,11:27 ET
SQ,Square,210.09,-2.49,-1.17%,213.33,213.9,208.64,1978036,11:27 ET
SRC,Spirit Realty Capital Inc,39.31,0.07,0.18%,38.88,39.54,38.75,142134,11:27 ET
SRCL,Stericycle Inc,70.14,0.23,0.33%,69.65,70.49,69.65,123202,11:26 ET
SRE,Sempra Energy,129.53,1.3,1.01%,127.57,130.05,127.57,393123,11:27 ET
SRPT,Sarepta Therapeutics,157.36,6.31,4.18%,151.6,157.58,151.05,129459,11:25 ET
SSNC,SS&C Technologies,73.56,0.72,0.99%,72.74,74,72.43,407293,11:27 ET
ST,Sensata Technologies Holding N.V.,49.17,-0.13,-0.26%,48.87,49.67,48.87,98142,11:27 ET
STAY,Extended Stay America Inc,14.02,-0.09,-0.64%,13.93,14.17,13.82,404891,11:25 ET
STE,Steris Corp,187.65,0.02,0.01%,186.86,188.1,185.53,78055,11:24 ET
STL,Sterling Bancorp,17.1,-0.08,-0.47%,16.93,17.38,16.92,1577282,11:27 ET
STLD,Steel Dynamics Inc,38.6,0.18,0.47%,38.01,39.09,38.01,406441,11:27 ET
STNE,Stoneco Ltd Cl A,73.82,0.32,0.44%,73.37,74.03,73.16,171806,11:23 ET
STOR,Store Capital Corpstore Capital,32.64,-0.05,-0.15%,32.3,32.75,32.22,680006,11:27 ET
STT,State Street Corp,76.25,0.29,0.38%,75.23,76.83,75.07,334661,11:27 ET
STWD,Starwood Property Trust,18.97,0.13,0.69%,18.8,19.09,18.74,501772,11:27 ET
STZ,Constellation Brands Inc,213.72,1.68,0.79%,212.44,214.64,211.65,300907,11:26 ET
SUI,Sun Communities,148.23,-0.13,-0.09%,147.41,148.68,147.13,125390,11:26 ET
SWCH,Switch Inc,15.97,-0.39,-2.38%,16.34,16.41,15.94,293055,11:27 ET
SWI,Solarwinds Corp,23.55,0.13,0.56%,23.32,23.6,23.23,49519,11:26 ET
SWK,Stanley Black & Decker Inc,176.44,-2.01,-1.13%,177.07,177.93,175.29,121454,11:26 ET
SWKS,Skyworks Solutions,153.74,0.32,0.21%,153.6,154.37,152.47,370979,11:24 ET
SYF,Synchrony Financial,32.32,-0.25,-0.77%,32.07,32.52,31.87,1142215,11:27 ET
SYK,Stryker Corp,235.12,-1.68,-0.71%,234.76,236.68,234.41,193620,11:25 ET
SYNH,Syneos Health Inc,65.01,1.21,1.90%,65.01,65.8,64.49,432185,11:26 ET
SYY,Sysco Corp,77.02,1.15,1.52%,75.74,77.05,75.26,290686,11:27 ET
T,AT&T Inc,30.11,0.47,1.59%,29.49,30.14,29.46,12907481,11:27 ET
TAP,Molson Coors Brewing Company,48.38,0.72,1.51%,47.18,48.42,47.18,552994,11:27 ET
TCF,TCF Financial Corp,35.36,-0.33,-0.92%,35,35.9,34.82,151967,11:26 ET
TCO,Taubman Centers,42.94,0,0.00%,42.93,42.96,42.91,452795,11:26 ET
TDC,Teradata Corp,22.39,0.04,0.18%,22.24,22.42,22.24,165031,11:25 ET
TDG,Transdigm Group Inc,597.23,-3.78,-0.63%,596.11,610.14,595.61,37470,11:25 ET
TDOC,Teladoc Health Inc,197.27,-0.03,-0.02%,199.79,200.49,194.58,805573,11:27 ET
TDS,Telephone and Data Systems,18.71,-0.34,-1.78%,19,19.06,18.6,258934,11:25 ET
TDY,Teledyne Technologies Inc,393.35,2.61,0.67%,390.37,397.11,390.37,10814,11:26 ET
TEAM,Atlassian Cls A Ord,232.86,5.1,2.24%,227.76,235.17,227.76,327935,11:25 ET
TECH,Bio-Techne Cp,309.72,1.79,0.58%,309.17,310.61,306.25,16891,11:24 ET
TER,Teradyne Inc,117.56,0.4,0.34%,116.91,118.77,116.5,336520,11:27 ET
TFC,Truist Financial Corp,47.75,-0.11,-0.23%,47.59,48.06,47.22,885377,11:27 ET
TFSL,Tfs Financial Corp,17.37,-0.13,-0.74%,17.38,17.46,17.29,12304,11:18 ET
TFX,Teleflex Inc,385.24,2.38,0.62%,379.91,386.11,379.91,20196,11:24 ET
TGT,Target Corp,172.81,-0.1,-0.06%,172.5,173.13,171.74,921926,11:27 ET
THG,The Hanover Insurance Group,114.67,-0.17,-0.15%,113.65,115.26,113.65,18395,11:14 ET
THO,Thor Industries,93.43,-5.04,-5.12%,96.8,98.06,92.16,633118,11:25 ET
THS,Treehouse Foods,42.91,0.93,2.22%,42,43.01,41.66,124311,11:26 ET
TIF,Tiffany & Company,131.26,-0.01,-0.01%,131.2,131.31,131.2,748251,11:21 ET
TJX,TJX Companies,65.64,-0.24,-0.36%,65.18,65.78,65,962239,11:27 ET
TKR,Timken Company,75.15,1.7,2.31%,72.79,75.3,72.73,212885,11:24 ET
TMO,Thermo Fisher Scientific Inc,476.8,3.91,0.83%,472.89,478.7,472.89,324414,11:26 ET
TMUS,T-Mobile US,132.37,-0.59,-0.44%,132.83,132.95,131.82,615025,11:26 ET
TMX,Terminix Global Hldgs Inc,50.49,-0.2,-0.39%,50.65,50.73,49.55,359067,11:25 ET
TNDM,Tandem Diabetes Care,93.1,2.21,2.43%,90.83,93.14,89.67,319069,11:26 ET
TOL,Toll Brothers Inc,45.44,-3.77,-7.66%,46.78,47.78,44.62,3756702,11:27 ET
TPR,Tapestry Inc,29.6,-0.14,-0.47%,29.04,29.75,28.91,832304,11:27 ET
TPX,Tempur-Pedic International Inc,24.71,-0.59,-2.33%,24.94,25.14,24.61,394973,11:27 ET
TREE,Lendingtree Inc,266.58,8.68,3.37%,259.99,266.84,258.5,124850,11:27 ET
TREX,Trex Company,74.42,-1.2,-1.59%,76.41,76.53,74.3,116524,11:26 ET
TRGP,Targa Resources,26.64,0.92,3.58%,25.45,26.78,25.4,665111,11:27 ET
TRIP,Tripadvisor Inc,29.8,-0.2,-0.67%,29.69,30.1,29.08,425271,11:26 ET
TRMB,Trimble Navigation,63.25,0.17,0.27%,63.36,63.9,63.21,248997,11:24 ET
TRN,Trinity Industries,24.09,0.08,0.33%,23.88,24.35,23.88,275796,11:18 ET
TROW,T Rowe Price Group,153.56,2.26,1.49%,151.31,153.56,150.6,167790,11:27 ET
TRU,Transunion,97.99,3.61,3.82%,94.64,98.19,94.59,286593,11:27 ET
TRV,The Travelers Companies Inc,135.43,1.53,1.14%,133.07,135.74,132.65,232766,11:27 ET
TSCO,Tractor Supply Company,135.73,-1.49,-1.09%,136.99,137.3,135.05,210673,11:27 ET
TSLA,Tesla Inc,624.88,-16.88,-2.63%,625.51,638,618.5,25654936,11:27 ET
TSN,Tyson Foods,68.48,-0.22,-0.32%,68.3,68.83,68,600360,11:26 ET
TT,Trane Technologies Plc,141.53,0.41,0.29%,141.59,142.24,140.49,243789,11:27 ET
TTC,Toro Company,90.25,0.02,0.02%,90.14,90.91,90.14,31573,11:27 ET
TTD,Trade Desk Inc,920.04,7.41,0.81%,910,922.19,907.42,137857,11:27 ET
TTWO,Take-Two Interacti,184.25,0.86,0.47%,184.41,186.73,183.37,761603,11:27 ET
TW,Tradeweb Markets Inc,63.7,0.98,1.56%,62.89,63.9,62.53,124686,11:25 ET
TWLO,Twilio,319.5,10.21,3.30%,311,321.5,308,697998,11:27 ET
TWOU,2U Inc,32.61,0.17,0.52%,32.44,32.96,32.33,154793,11:26 ET
TWTR,Twitter Inc,47.68,-0.22,-0.46%,47.79,48.1,46.9,2539242,11:27 ET
TXG,10X Genomics Inc,150.76,1.98,1.33%,149.9,151.36,147.17,174505,11:24 ET
TXN,Texas Instruments,166.25,-0.04,-0.02%,166.3,166.61,165,726254,11:27 ET
TXT,Textron Inc,47.95,0.25,0.52%,47.3,48.19,47.3,171625,11:26 ET
TYL,Tyler Technologies,444.77,8.02,1.84%,434.76,445.79,434.76,70300,11:24 ET
UA,Under Armour Inc Cl C,15.4,0.4,2.67%,14.88,15.5,14.68,2409087,11:25 ET
UAA,Under Armour,17.53,0.47,2.75%,16.89,17.62,16.82,2166620,11:27 ET
UAL,United Airlines Holdings Inc,49.11,-0.09,-0.18%,49.02,50.4,48.8,7003241,11:27 ET
UBER,Uber Technologies Inc,53.96,0.16,0.30%,52.4,54.22,52.15,8935854,11:27 ET
UDR,United Dominion Realty Trust,40.49,-0.12,-0.30%,40.22,40.63,39.95,464769,11:27 ET
UGI,Ugi Corp,35.38,-0.1,-0.28%,35.16,35.48,35.06,256388,11:25 ET
UHAL,A M E R C O,433.4,5.65,1.32%,425,433.4,425,3685,11:17 ET
UHS,Universal Health Services,132.91,1.89,1.44%,130.29,133.59,130.29,79242,11:26 ET
UI,Ubiquiti Networks,268.98,5.54,2.10%,264.76,270,264.59,14336,11:23 ET
ULTA,Ulta Beauty Inc,270.39,-2.87,-1.05%,270.57,273.91,269.25,236099,11:26 ET
UMPQ,Umpqua Holdings Corp,14.71,0,0.00%,14.54,14.81,14.5,156422,11:26 ET
UNH,Unitedhealth Group Inc,347,-0.86,-0.25%,344.75,348.52,344.01,483076,11:27 ET
UNM,Unumprovident Corp,23.72,0.02,0.08%,23.41,23.9,23.23,366380,11:26 ET
UNP,Union Pacific Corp,205.75,0.76,0.37%,203.65,206.04,203.21,432301,11:26 ET
UNVR,Univar Inc,18.56,0.11,0.60%,18.39,18.86,18.34,132453,11:27 ET
UPS,United Parcel Service,166.2,-1.27,-0.76%,167.55,169.03,165.92,1128720,11:27 ET
URI,United Rentals,246.4,-0.08,-0.03%,244.64,249.59,244.54,277290,11:26 ET
USB,U.S. Bancorp,44.88,0.08,0.18%,44.25,44.93,44.15,1193736,11:27 ET
USFD,US Foods Holding,33.14,0.14,0.42%,32.6,33.62,32.56,338090,11:27 ET
USM,United States Cellular Corp,30.73,-0.33,-1.06%,30.91,30.94,30.54,40748,11:25 ET
UTHR,United Therapeutic,133.01,3.03,2.33%,131.7,133.83,129.64,96940,11:27 ET
V,Visa Inc,212.51,-0.14,-0.07%,209.95,212.72,209.89,1238429,11:27 ET
VAR,Varian Medical Systems,174.4,-0.28,-0.16%,174.39,174.52,174.37,166179,11:26 ET
VEEV,Veeva Systems Inc,269.06,1.34,0.50%,268.34,269.13,264.53,342009,11:27 ET
VER,Vereit Inc,7.59,-0.01,-0.13%,7.55,7.63,7.53,4518130,11:27 ET
VFC,V.F. Corp,89.22,0.92,1.04%,87.85,89.32,87.41,363930,11:27 ET
VIAC,Viacomcbs Inc Cl B,36.92,0.1,0.27%,36.8,37.33,36.46,1693937,11:27 ET
VIACA,Viacomcbs Inc Cl A,37.95,0.35,0.93%,37.5,38.35,37.32,11245,12/8/2020
VICI,Vici Properties Inc,25.68,-0.02,-0.08%,25.66,25.78,25.44,1542217,11:25 ET
VIRT,Virtu Financial Cm A,23.81,0.29,1.23%,23.51,23.86,23.34,159404,11:27 ET
VLO,Valero Energy Corp,59.62,0.16,0.27%,58.5,60.09,58.35,1416607,11:27 ET
VMC,Vulcan Materials Company,145.62,-0.46,-0.31%,144.04,146.38,144.04,89409,11:27 ET
VMI,Valmont Industries,168.82,0.89,0.53%,167.96,169.84,167.8,12694,11:26 ET
VMW,Vmware Inc,140.65,0.91,0.65%,139.4,140.69,139.05,507163,11:27 ET
VNO,Vornado Realty Trust,40.6,0.02,0.05%,40.14,40.85,40.01,480431,11:27 ET
VNT,Vontier Corp [Vnt/I],31.86,-0.65,-2.00%,32.54,32.77,31.86,269774,11:27 ET
VOYA,VOYA Financial Inc,58.38,0.42,0.72%,57.55,58.49,57.55,241366,11:25 ET
VRM,Vroom Inc,34.78,-0.68,-1.92%,35.68,35.79,34.44,752330,11:27 ET
VRSK,Verisk Analytics Inc,194.62,0.17,0.09%,194.25,195.34,193.71,129924,11:26 ET
VRSN,Verisign Inc,207.12,1.86,0.91%,206.02,207.14,203.94,83737,11:25 ET
VRT,Vertiv Holdings Llc.,19.67,0.28,1.44%,19.67,19.74,19.4,669911,11:27 ET
VRTX,Vertex Pharmaceutic,226.86,-0.2,-0.09%,228.81,229.01,225.4,323742,11:25 ET
VSAT,Viasat Inc,35.04,-0.18,-0.51%,35.24,35.33,34.75,120535,11:25 ET
VST,Vistra Energy Corp,18.74,-0.23,-1.21%,18.81,18.97,18.52,1115795,11:26 ET
VTR,Ventas Inc,49.19,0.1,0.20%,49.08,49.77,48.95,315508,11:27 ET
VTRS,Viatris Inc,17.7,0.13,0.74%,17.41,17.72,17.41,2885876,11:27 ET
VVV,Valvoline Inc,22.86,-0.16,-0.70%,22.82,23.08,22.81,139917,11:26 ET
VZ,Verizon Communications Inc,61.2,-0.15,-0.24%,61.18,61.3,60.88,3642272,11:27 ET
W,Wayfair Inc,243.13,6.43,2.72%,236.6,248.15,234.99,508597,11:25 ET
WAB,Wabtec Corp,75.86,0.18,0.24%,75.56,76.36,75.47,260046,11:27 ET
WAL,Western Alliance Bancorp,55.95,0.09,0.16%,54.79,55.99,54.62,160531,11:25 ET
WAT,Waters Corp,237.28,0.79,0.33%,235.44,237.8,235.44,22443,11:19 ET
WBA,Walgreens Boots Alliance,41.89,-0.54,-1.27%,41.91,42.34,41.65,1908645,11:27 ET
WBS,Webster Financial Corp,40.24,-0.26,-0.64%,39.93,40.72,39.93,64689,11:19 ET
WDAY,Workday Inc,229.99,2.71,1.19%,228,230.38,225.06,326235,11:27 ET
WDC,Western Digital Cp,51.95,0.81,1.58%,50.81,52.35,50.77,1066472,11:27 ET
WEC,Wisconsin Energy Corp,93.25,-0.4,-0.43%,93.34,93.45,92.59,139311,11:27 ET
WELL,Welltower Inc,65.46,-0.26,-0.40%,65.29,66.54,64.94,491841,11:27 ET
WEN,Wendys Company,22.13,0.11,0.50%,22.09,22.14,21.83,240834,11:27 ET
WEX,Wex Inc,190.68,-0.64,-0.33%,190.1,193.9,190.1,111805,11:25 ET
WFC,Wells Fargo & Company,29.17,-0.17,-0.58%,29.03,29.29,28.4,13897429,11:27 ET
WH,Wyndham Hotels & Resorts Inc,58,-0.31,-0.53%,57.47,58.35,57.46,81167,11:26 ET
WHR,Whirlpool Corp,188.38,-0.47,-0.25%,187.52,189.64,185.35,147206,11:25 ET
WLK,Westlake Chemical Corp,82.97,2.61,3.25%,79.8,83.32,79.62,104393,11:27 ET
WLTW,Willis Towers WT,211.18,1.73,0.83%,207.74,211.24,207.27,229860,11:27 ET
WM,Waste Management,116.97,0.2,0.17%,115.92,117.22,115.78,283898,11:25 ET
WMB,Williams Companies,22.3,0.7,3.24%,21.41,22.35,21.41,4111033,11:27 ET
WMT,Wal-Mart Stores,149.12,1.01,0.68%,147.36,149.12,147.18,1931774,11:27 ET
WORK,Slack Technologies Inc,42.99,0.31,0.73%,42.94,43.05,42.7,11987202,11:27 ET
WPC,W.P. Carey & CO Llc,70.22,0.62,0.89%,69.5,70.45,69.49,169733,11:26 ET
WPX,Wpx Energy Inc,8.33,0.18,2.21%,8.05,8.43,8,1615636,11:27 ET
WRB,W.R. Berkley Corp,65.35,0.14,0.21%,64.73,65.46,64.72,70680,11:24 ET
WRI,Weingarten Realty Investors,22.02,-0.01,-0.05%,21.78,22.26,21.78,80311,11:24 ET
WRK,Westrock Company,44.77,0.25,0.56%,44.09,45,44.09,254550,11:27 ET
WSM,Williams-Sonoma,107.21,0.84,0.79%,105.26,107.97,105.25,166462,11:24 ET
WSO,Watsco Inc,222.44,2.36,1.07%,219.16,222.44,217.79,13755,11:17 ET
WST,West Pharmaceutical Services,267.36,-0.7,-0.26%,267.08,268,265.3,176969,11:24 ET
WTFC,Wintrust Finl Corp,60.16,0.08,0.13%,59.68,60.86,59.21,42280,11:26 ET
WTM,White Mountains Insurance Group,975.8,4.65,0.48%,973.01,975.8,973.01,597,10:58 ET
WTRG,Essential Utilities Inc,47.26,-0.02,-0.04%,47,47.37,46.88,150120,11:26 ET
WU,Western Union Company,21.73,-0.04,-0.18%,21.61,21.8,21.52,1037246,11:26 ET
WWD,Woodward Inc,117.1,0.65,0.56%,115.92,118.52,115.03,29481,11:24 ET
WWE,World Wrestling Entertainment,43.5,-0.8,-1.81%,44.13,44.38,43,136292,11:24 ET
WY,Weyerhaeuser Company,30.44,0.21,0.69%,30.05,30.54,29.89,790264,11:27 ET
WYND,Wyndham Destinations Inc,45.84,0.61,1.35%,44.37,45.98,44.3,131008,11:26 ET
WYNN,Wynn Resorts Ltd,112.86,1.54,1.38%,110.62,113,110.33,751121,11:27 ET
XEC,Cimarex Energy Company,38.8,1.2,3.19%,37.23,39.05,37.01,257232,11:26 ET
XEL,XCEL Energy Inc,66.15,-0.46,-0.69%,66.26,66.31,65.79,466595,11:27 ET
XLNX,Xilinx Inc,144.87,-3.4,-2.29%,147.97,149.34,144.87,526705,11:26 ET
XLRN,Acceleron Pharma,118.99,-0.41,-0.34%,119.98,120.75,117.51,69029,11:16 ET
XOM,Exxon Mobil Corp,42.33,1.43,3.50%,40.53,42.59,40.4,11688556,11:27 ET
XPO,Xpo Logistics Inc,119.38,-0.52,-0.43%,118.4,120.99,118.25,248794,11:27 ET
XRAY,Dentsply Sirona Inc,53.77,0.17,0.32%,53.59,54.04,53.21,128405,11:26 ET
XRX,Xerox Corp,22.87,-0.11,-0.48%,22.76,23.16,22.71,271226,11:25 ET
XYL,Xylem Inc,98.88,0.68,0.69%,97.73,99.33,97.57,277171,11:27 ET
Y,Alleghany Corp,608.26,6.13,1.02%,600,608.26,600,5318,11:23 ET
YUM,Yum! Brands,104.98,-0.26,-0.25%,104.6,105.13,104.48,220170,11:27 ET
