Symbol,Name,Sector,Value,Close,Grade
LEN.B,Lennar Corporation,Consumer Cyclical,55.17192/-0.95241,88.97,448.1599
LYB,LyondellBasell Industries NV,Basic Materials,2.70132/-0.98904,89.11,243.9851
CI,Cigna Corporation,Healthcare,33636.77593/-0.48506,218.67,231.5286
FOX,Fox Corporation,Communication Services,3063.02563/-0.84095,34.32,210.2639
DHI,D.R. Horton  Inc.,Consumer Cyclical,7722.77271/-0.35204,104.47,154.0682
BBY,Best Buy Co.  Inc.,Consumer Cyclical,52.65559/-0.77272,100.22,148.5962
UHS,Universal Health Services  Inc.,Healthcare,21234.81589/-0.66063,128.3,142.1427
LEN,Lennar Corporation,Consumer Cyclical,3265.04665/-0.36251,108.46,141.5564
THO,Thor Industries  Inc.,Consumer Cyclical,24.88742/-0.91782,98.68,84.039
TOL,Toll Brothers  Inc.,Consumer Cyclical,33996.03371/-0.35235,69.41,81.3517
FDX,FedEx Corporation,Industrials,4279.16557/-0.6907,238.52,80.0242
DISH,DISH Network Corporation,Communication Services,3495.44493/-0.53402,32.3,77.0345
FOXA,Fox Corporation,Communication Services,184704.55272/-0.38715,37.01,73.357
JD,JD.com  Inc.,Consumer Cyclical,9.34315/-0.80326,72.68,72.2449
MS,Morgan Stanley,Financial Services,16038802934.7471/0.20734,100.3,65.5659
INTC,Intel Corporation,Technology,67212.4891/-0.51397,50.83,65.462
BEN,Franklin Resources  Inc.,Financial Services,1416.52595/-0.91329,34.16,60.1411
IP,International Paper Company,Consumer Cyclical,4031.59466/-0.7528,47.01,58.2292
PGR,Progressive Corporation (The),Financial Services,11682186.32462/-0.19715,101.52,56.1777
JEF,Jefferies Financial Group Inc.,Financial Services,361954.78315/-0.41133,38.23,54.2498
COF,Capital One Financial Corporati,Financial Services,198028479243.16687/-0.0913,148.02,50.3419
SEB,Seaboard Corporation,Industrials,50.99464/-1.57891,3738.79,49.7113
SCCO,Southern Copper Corporation,Basic Materials,103.07013/-1.60608,58.36,49.6539
VMW,Vmware  Inc.,Technology,49693.6996/-0.6746,114.42,41.7569
BIDU,Baidu  Inc.,Communication Services,496982894.21552/-0.66569,140.17,41.7238
CACI,CACI International  Inc.,Technology,31715.15631/-0.59594,265.86,40.5841
SC,Santander Consumer USA Holdings,Financial Services,516629164.15599/-0.35369,41.89,38.6155
GM,General Motors Company,Consumer Cyclical,484341.7625/-0.36328,58.39,37.7664
NTES,NetEase  Inc.,Communication Services,4.45094/-0.69394,98.84,37.3004
KMPR,Kemper Corporation,Financial Services,21730.27258/-0.30109,54.32,36.1238
TRV,The Travelers Companies  Inc.,Financial Services,22145366.03261/-0.19887,162.02,34.8269
SRE,DBA Sempra,Utilities,5468908.32329/-0.27836,128.59,34.173
STLD,Steel Dynamics  Inc.,Basic Materials,326.88332/-0.81209,62.4,34.1579
HPE,Hewlett Packard Enterprise Comp,Technology,10132017674.99395/-0.31525,14.95,32.0425
BRK.B,Berkshire Hathaway Inc. New,Financial Services,12496849833105.773/1.63198,300.17,31.4033
PHM,PulteGroup  Inc.,Consumer Cyclical,4746.68746/-0.6573,53.99,31.2691
GRMN,Garmin Ltd.,Technology,3784.71376/-0.92464,134.29,31.1289
REGN,Regeneron Pharmaceuticals  Inc.,Healthcare,81225.37488/-0.59079,631.74,30.8975
CNC,Centene Corporation,Healthcare,9188169.71658/0.27786,83.0,29.8854
ALL,Allstate Corporation (The),Financial Services,2905049.84819/-0.26774,115.82,29.4327
HUN,Huntsman Corporation,Basic Materials,369150.44687/-0.37386,32.64,29.2273
CINF,Cincinnati Financial Corporatio,Financial Services,136344.14814/-0.27837,117.28,28.7621
DOW,Dow Inc.,Basic Materials,75432.86644/-0.65415,54.6,27.9339
FHN,First Horizon Corporation,Financial Services,15536726275056.074/-0.19324,16.31,27.5153
MET,MetLife  Inc.,Financial Services,46213348.0845/-0.21317,61.39,25.6801
IVZ,Invesco Ltd,Financial Services,6068.61207/-0.50757,22.71,24.3344
OMF,OneMain Holdings  Inc.,Financial Services,55131825.1689/-0.81609,50.07,24.2659
NUE,Nucor Corporation,Basic Materials,14095.26252/-0.59477,113.9,23.3293
LPX,Louisiana-Pacific Corporation,Industrials,10820.71955/-0.43949,75.62,22.9525
NEU,NewMarket Corp,Basic Materials,1403.30359/-0.83434,341.1,22.1192
DOX,Amdocs Limited,Technology,1630412.36112/-0.54502,74.28,21.7697
ZION,Zions Bancorporation N.A.,Financial Services,14019622680998.102/0.21711,63.47,21.756
BIO,Bio-Rad Laboratories  Inc.,Healthcare,582.60695/-0.70352,734.34,21.6808
TMUS,T-Mobile US  Inc.,Communication Services,337170.80974/-0.84636,120.58,21.4961
STNE,StoneCo Ltd.,Technology,213448931.27086/-0.50912,15.64,21.3907
TSN,Tyson Foods  Inc.,Consumer Defensive,4118071.33163/0.27302,86.2,20.3929
LAD,Lithia Motors  Inc.,Consumer Cyclical,2940.79169/-0.62619,284.52,20.2467
LMT,Lockheed Martin Corporation,Industrials,783959.49688/-0.57666,344.84,20.0228
GL,Globe Life Inc.,Financial Services,6614887.07474/-0.29041,91.83,19.914
AM,Antero Midstream Corporation,Energy,1.52751/-1.44944,9.46,19.6053
PINC,Premier  Inc.,Healthcare,177289.08875/-0.42982,38.49,19.0778
WMT,Walmart Inc.,Consumer Defensive,12026416.13691/-0.89577,143.34,18.8502
KDP,Keurig Dr Pepper Inc.,Consumer Defensive,33025687.37878/-0.39359,35.7,18.4401
IPGP,IPG Photonics Corporation,Technology,552.5989/-0.9572,165.18,18.0335
CPB,Campbell Soup Company,Consumer Defensive,76928.48436/-0.8392,44.18,17.5664
RS,Reliance Steel & Aluminum Co.,Basic Materials,4722.75192/-0.67869,157.88,17.344
C,Citigroup  Inc.,Financial Services,285074340189.0312/0.03217,61.07,16.5612
AIZ,Assurant  Inc.,Financial Services,2206346.84005/-0.25176,153.79,16.447
ADM,Archer-Daniels-Midland Company,Consumer Defensive,20448702.7529/-0.18952,66.17,16.2075
MHK,Mohawk Industries  Inc.,Consumer Cyclical,3413.24413/-0.74772,173.45,15.7379
SYF,Synchrony Financial,Financial Services,3950579039.41208/-0.10813,47.62,15.6391
RJF,Raymond James Financial  Inc.,Financial Services,644978404.02611/0.29283,98.93,14.8867
GLW,Corning Incorporated,Technology,3875325.31914/-0.60313,37.1,14.6975
ORI,Old Republic International Corp,Financial Services,12087977.15098/-0.09604,24.81,14.348
NXST,Nexstar Media Group  Inc.,Communication Services,436000.70583/-0.37779,145.19,14.2859
QRTEA,Liberty Interactive Corporation,Consumer Cyclical,303.00257/-0.50952,7.59,14.1966
CB,Chubb Limited,Financial Services,11660294314.09952/0.63614,195.86,14.1405
VZ,Verizon Communications Inc.,Communication Services,66426889.05915/-0.32461,52.75,14.0949
FSLR,First Solar  Inc.,Technology,10795.74787/-0.78325,91.2,13.2354
SSNC,SS&C Technologies Holdings  Inc,Technology,33306080.55126/0.29076,79.91,12.9851
RF,Regions Financial Corporation,Financial Services,6.0013639456335096e+16/0.06863,21.96,12.7408
MCY,Mercury General Corporation,Financial Services,1052759.20068/-0.84197,52.94,12.662
GS,Goldman Sachs Group  Inc. (The),Financial Services,6.513742600838243e+17/0.34633,397.37,12.0921
XEL,Xcel Energy Inc.,Utilities,34421136815.74371/-0.09163,68.95,12.0582
CR,Crane Co.,Industrials,69457.91796/-0.63453,98.49,11.9904
AFL,AFLAC Incorporated,Financial Services,3569233457.96199/0.45051,57.9,11.9556
BK,The Bank of New York Mellon Cor,Financial Services,4.9986130328750254e+20/0.67617,58.42,11.8343
PKG,Packaging Corporation of Americ,Consumer Cyclical,13203.37951/-0.58845,133.5,11.8123
EHC,Encompass Health Corporation,Healthcare,12943.71686/-0.56257,63.08,11.7834
MU,Micron Technology  Inc.,Technology,5498254.68661/-0.4547,82.69,11.7439
ANET,Arista Networks  Inc.,Technology,408124.41758/-0.27386,130.14,11.5552
NOC,Northrop Grumman Corporation,Industrials,175357242.6602/-0.29711,378.72,11.5011
LYLT,Loyalty Ventures Inc.,Technology,15173.70775/-0.41098,27.91,11.34
VICI,VICI Properties Inc.,Real Estate,122441.69427/-0.35536,27.56,11.2298
ACI,Albertsons Companies  Inc.,Consumer Defensive,64124.88577/-0.39678,30.63,11.074
AFG,American Financial Group  Inc.,Financial Services,317169.29496/-0.02918,139.16,11.0577
CHTR,Charter Communications  Inc.,Communication Services,11424245.448/-0.5246,631.58,10.751
AGR,Avangrid  Inc.,Utilities,2482262.45871/-1.04013,48.48,10.7327
CMI,Cummins Inc.,Industrials,147589.79842/-0.70638,218.29,10.6831
CHKP,Check Point Software Technologi,Technology,175418.73372/-0.81825,114.74,10.6232
CAG,ConAgra Brands  Inc.,Consumer Defensive,138495789.3104/-0.35189,34.4,10.3278
STT,State Street Corporation,Financial Services,1.2435149979899937e+18/0.25523,92.69,10.2464
SLM,SLM Corporation,Financial Services,80551052902122.34/-0.44407,18.64,10.1777
WSM,Williams-Sonoma  Inc.,Consumer Cyclical,6224.44559/-0.77342,164.98,9.7848
UHAL,Amerco,Industrials,63527.06931/-0.7078,713.17,9.7395
ANTM,Anthem  Inc.,Healthcare,17802800.41453/0.33062,447.88,9.4938
UNM,Unum Group,Financial Services,347524.2147/-0.37885,24.18,9.4905
SEIC,SEI Investments Company,Financial Services,14615.56257/-1.04426,62.36,9.4849
SLGN,Silgan Holdings Inc.,Consumer Cyclical,793321.07863/-0.53865,42.48,9.4257
LNC,Lincoln National Corporation,Financial Services,34639922004.82982/-0.09178,67.17,9.389
TGT,Target Corporation,Consumer Defensive,5537308.30134/-0.54037,224.78,9.334
MTZ,MasTec  Inc.,Industrials,327508.83489/-0.76539,87.98,9.1803
MTG,MGIC Investment Corporation,Financial Services,106629.08778/-0.40465,14.08,8.9343
CSGP,CoStar Group  Inc.,Real Estate,2915342.03499/-0.1543,77.97,8.8864
FCX,Freeport-McMoRan  Inc.,Basic Materials,1159075.61811/-0.34047,38.28,8.8755
TEL,TE Connectivity Ltd. New Switze,Technology,701863899.97409/-0.06565,160.06,8.5961
DKS,Dick's Sporting Goods Inc,Consumer Cyclical,783.45931/-0.77373,99.91,8.2657
KMI,Kinder Morgan  Inc.,Energy,922578077384.2865/-0.24086,15.86,8.2383
FCNCA,First Citizens BancShares  Inc.,Financial Services,1.593507577515681e+21/-0.10039,785.54,8.1327
HII,Huntington Ingalls Industries  ,Industrials,5888982.20565/-0.47813,188.73,8.1048
CFG,Citizens Financial Group  Inc.,Financial Services,3870681408508072.0/0.16562,47.12,8.0076
NVDA,NVIDIA Corporation,Technology,1466481.19297/-0.38936,283.87,7.9762
BAC,Bank of America Corporation,Financial Services,2.0615493871406324e+23/0.36819,45.0,7.8704
HRL,Hormel Foods Corporation,Consumer Defensive,400798229.0849/-1.0647,49.19,7.8659
EBAY,eBay Inc.,Consumer Cyclical,5141.192/-1.25414,64.04,7.8021
RE,Everest Re Group  Ltd.,Financial Services,977647036.86707/-0.02849,270.56,7.612
HUM,Humana Inc.,Healthcare,225007745.6773/-0.403,457.47,7.3504
AN,AutoNation  Inc.,Consumer Cyclical,5499.94976/-0.93912,116.11,7.1821
GD,General Dynamics Corporation,Industrials,580182306.65626/0.14846,206.18,7.1209
PB,Prosperity Bancshares  Inc.,Financial Services,3218483236851549.5/0.16617,71.74,7.0704
SNX,TD SYNNEX Corporation,Technology,181.91058/-0.73441,110.15,7.0163
WY,Weyerhaeuser Company,Real Estate,468477.33987/-0.62359,39.63,6.7755
ZM,Zoom Video Communications  Inc.,Technology,28558.17144/-0.62896,182.4,6.7647
CMCSA,Comcast Corporation,Communication Services,5941036.39969/-0.38074,48.84,6.6984
DGX,Quest Diagnostics Incorporated,Healthcare,32774593.43779/0.2384,171.89,6.6512
MKSI,MKS Instruments  Inc.,Technology,277891.3728/-0.50279,158.26,6.6162
QDEL,Quidel Corporation,Healthcare,273.7013/-1.3426,152.39,6.5944
KRC,Kilroy Realty Corporation,Real Estate,512671.87425/-0.08066,66.54,6.3975
OLLI,Ollie's Bargain Outlet Holdings,Consumer Defensive,1334968.15756/-0.51259,47.65,6.3381
FTV,Fortive Corporation,Technology,5630128.30002/-0.38638,75.34,6.3061
SMG,Scotts Miracle-Gro Company (The,Basic Materials,36143.53394/-0.86751,156.49,6.118
DG,Dollar General Corporation,Consumer Defensive,523287802.79524/-0.22441,225.66,6.0631
LRCX,Lam Research Corporation,Technology,6534097.19649/-0.94369,671.28,6.062
FL,Foot Locker  Inc.,Consumer Cyclical,88639.36062/-0.52673,42.15,5.9766
SF,Stifel Financial Corporation,Financial Services,113257583375.59415/0.05223,69.42,5.9275
EMR,Emerson Electric Company,Industrials,40909320.64979/-0.52183,93.89,5.8809
SWK,Stanley Black & Decker  Inc.,Industrials,2544065.23059/-0.46598,191.44,5.7919
ALLY,Ally Financial Inc.,Financial Services,1.5301574237876036e+16/0.06111,47.36,5.7532
PAG,Penske Automotive Group  Inc.,Consumer Cyclical,38789.58/-0.67405,100.92,5.6581
STX,Seagate Technology Holdings PLC,Technology,633645021284.7264/-0.41093,104.61,5.5812
LDOS,Leidos Holdings  Inc.,Technology,436465.28578/-0.41875,89.02,5.4561
VIACA,ViacomCBS Inc.,Communication Services,6031587.99288/-0.187,33.2,5.4465
AGCO,AGCO Corporation,Industrials,48993.65841/-0.73033,115.13,5.4331
MOS,Mosaic Company (The),Basic Materials,483947.33142/-0.51396,36.47,5.2854
BG,Bunge Limited Bunge Limited,Consumer Defensive,7324827816.7061/-0.43387,88.27,5.2474
FAF,First American Corporation (New,Financial Services,1680504.9517/0.21345,76.18,5.1305
ESI,Element Solutions Inc.,Basic Materials,79557236322.39487/-0.51806,23.16,5.0786
CRM,Salesforce.com Inc,Technology,6599418.97878/-0.42006,253.12,5.0293
ACN,Accenture plc,Technology,581746184.39156/0.10046,400.6,4.93
DISCK,Discovery  Inc. - Series C,Communication Services,7731591.29772/-0.38386,22.59,4.8879
AEP,American Electric Power Company,Utilities,216014463309.70563/0.09769,88.0,4.8592
ATH,Athene Holding Ltd.,Financial Services,2321931681.45027/0.10083,79.92,4.8212
MDU,MDU Resources Group  Inc.,Industrials,12809720.53807/-0.33737,29.57,4.7803
AKAM,Akamai Technologies  Inc.,Technology,580390.5057/-0.24055,116.83,4.6718
CNA,CNA Financial Corporation,Financial Services,8413145.36516/-0.20466,44.41,4.6551
ABC,AmerisourceBergen Corporation,Healthcare,6704443.6642/-1.25852,123.98,4.6396
FNF,FNF Group of Fidelity National ,Financial Services,950603.52462/0.1261,50.93,4.4586
BAH,Booz Allen Hamilton Holding Cor,Industrials,392867.83874/-0.4971,82.75,4.4064
MMM,3M Company,Industrials,9719165.11009/-0.64152,178.31,4.3664
KKR,KKR & Co. Inc.,Financial Services,3.339587954618699e+17/0.11703,71.09,4.3594
PNFP,Pinnacle Financial Partners  In,Financial Services,1.4709531379644642e+16/0.32477,95.79,4.3567
NEM,Newmont Corporation,Basic Materials,11250643.29785/-0.42113,59.0,4.3427
SAIC,SCIENCE APPLICATIONS INTERNATIO,Technology,52908.06784/-0.50687,84.16,4.3306
TTD,The Trade Desk  Inc.,Technology,279533498.76098/0.19142,87.11,4.2018
TROW,T. Rowe Price Group  Inc.,Financial Services,9361.17897/-0.70856,190.62,4.1927
ACGL,Arch Capital Group Ltd.,Financial Services,82667940.09421/0.37814,44.09,4.1121
KSS,Kohl's Corporation,Consumer Cyclical,118069.22579/-0.5943,46.83,4.108
DISCA,Discovery  Inc. - Series A,Communication Services,13265175.74533/-0.35894,23.41,4.0879
DHR,Danaher Corporation,Healthcare,5375426.60944/-0.13786,318.49,4.0779
BLDR,Builders FirstSource  Inc.,Industrials,18956917547.43702/-0.12122,77.25,4.0759
TXN,Texas Instruments Incorporated,Technology,1970021.90529/-0.94881,188.24,4.0359
WRB,W.R. Berkley Corporation,Financial Services,4734587.52063/-0.08312,82.12,3.9905
NVR,NVR  Inc.,Consumer Cyclical,13823.19823/-0.30666,5760.35,3.9491
AMZN,Amazon.com  Inc.,Consumer Cyclical,13291089.7415/-0.58174,3377.42,3.9099
WBA,Walgreens Boots Alliance  Inc.,Healthcare,1.4623969666163712e+18/-0.22494,49.26,3.8554
HSIC,Henry Schein  Inc.,Healthcare,2365069.52565/-0.44986,73.63,3.8543
LH,Laboratory Corporation of Ameri,Healthcare,104219132.051/0.29184,310.13,3.7446
SNDR,Schneider National  Inc.,Industrials,506639.44553/-0.77587,25.61,3.7149
BIIB,Biogen Inc.,Healthcare,428960492.83453/-0.38131,235.52,3.6739
TKR,Timken Company (The),Industrials,84664.45833/-0.53097,65.54,3.6581
PII,Polaris Inc.,Consumer Cyclical,319807.31651/-0.67853,107.5,3.5982
CVS,CVS Health Corporation,Healthcare,12429233618.35041/0.43804,101.22,3.5818
CFR,Cullen/Frost Bankers  Inc.,Financial Services,99688602353787.33/0.2557,128.28,3.5021
UWMC,UWM Holdings Corporation,Financial Services,176802663.92758/-0.58974,6.68,3.4205
VSAT,ViaSat  Inc.,Technology,132212.71975/-0.67141,43.59,3.2746
PH,Parker-Hannifin Corporation,Industrials,4204872.23597/-0.45933,313.14,3.1539
KLAC,KLA Corporation,Technology,7605555.39143/-0.43512,397.31,3.1368
BLK,BlackRock  Inc.,Financial Services,25140787789.74875/0.20732,921.55,3.1092
ON,ON Semiconductor Corporation,Technology,12550929.1349/-0.26711,60.84,3.0714
IBM,International Business Machines,Technology,3100242081.13423/-0.375,125.93,3.0003
RHI,Robert Half International Inc.,Industrials,598618.47481/-0.81941,107.64,2.9969
JAZZ,Jazz Pharmaceuticals plc,Healthcare,700988.09198/-0.38728,124.53,2.9496
CDW,CDW Corporation,Technology,8409340598955.399/-0.07949,187.83,2.9302
ROST,Ross Stores  Inc.,Consumer Cyclical,6852.3855/-0.8389,109.27,2.9158
USB,U.S. Bancorp,Financial Services,1013229428709070.1/0.18973,57.43,2.9155
UNH,UnitedHealth Group Incorporated,Healthcare,2505672823.27206/0.45576,492.86,2.8833
ADI,Analog Devices  Inc.,Technology,31201278653.35074/-0.08773,172.6,2.8303
GPN,Global Payments Inc.,Industrials,2591324.93031/-0.14739,126.88,2.805
AMP,Ameriprise Financial  Inc.,Financial Services,2438675245189.547/0.42612,300.23,2.7513
LBRDA,Liberty Broadband Corporation,Communication Services,5441334666.09117/0.51654,150.88,2.7444
JPM,JP Morgan Chase & Co.,Financial Services,6.399146111262724e+18/0.29858,160.41,2.7157
IAC,IAC/InterActiveCorp,Communication Services,1122571.77481/-0.75333,125.14,2.7082
HD,Home Depot  Inc. (The),Consumer Cyclical,11023305004.60678/-0.4795,399.53,2.6878
AMCR,Amcor plc,Consumer Cyclical,67611614.36474/-0.3504,12.04,2.6764
FISV,Fiserv  Inc.,Technology,51290859.28335/-0.60661,104.82,2.6658
CE,Celanese Corporation Celanese C,Basic Materials,1411452.72115/-0.58491,163.08,2.6512
AMAT,Applied Materials  Inc.,Technology,68756259.6946/-0.29359,146.7,2.6494
MNST,Monster Beverage Corporation,Consumer Defensive,52101.02848/-0.90908,91.62,2.6446
MPW,Medical Properties Trust  Inc.,Real Estate,1221253833.08719/0.32082,22.11,2.6383
DELL,Dell Technologies Inc.,Technology,116373269354.69188/-0.07158,54.99,2.6028
BPOP,Popular  Inc.,Financial Services,8912002355787357.0/0.21418,79.38,2.5794
FCN,FTI Consulting  Inc.,Industrials,15796486.83001/-0.18907,146.34,2.5328
OZK,Bank OZK,Financial Services,13414563039038.35/0.4706,45.85,2.5023
PCAR,PACCAR Inc.,Industrials,65223779.39144/-0.47561,85.91,2.4436
PNC,PNC Financial Services Group  I,Financial Services,8556443734032195.0/0.3972,201.79,2.4379
AXP,American Express Company,Financial Services,816262583708.1637/-0.04149,163.0,2.4267
MKL,Markel Corporation,Financial Services,1137146156.87957/-0.17347,1230.36,2.3206
HIG,Hartford Financial Services Gro,Financial Services,272748549.50721/-0.09921,69.1,2.3194
MA,Mastercard Incorporated,Financial Services,3822233.60071/-0.55233,352.92,2.3131
ETR,Entergy Corporation,Utilities,24678039107.08326/-0.09939,110.67,2.2959
GWW,W.W. Grainger  Inc.,Industrials,12269305.08125/-0.17327,508.33,2.2632
CSX,CSX Corporation,Industrials,1586672539.54878/0.30488,36.57,2.2437
LOPE,Grand Canyon Education  Inc.,Consumer Defensive,813586.84147/-0.57699,80.5,2.2424
VRTX,Vertex Pharmaceuticals Incorpor,Healthcare,1868143.07803/-0.59607,212.61,2.155
BOKF,BOK Financial Corporation,Financial Services,6.631643564677367e+20/0.03928,106.35,2.1494
KR,Kroger Company (The),Consumer Defensive,11070718746.06377/0.05695,45.91,2.1419
PNW,Pinnacle West Capital Corporati,Utilities,2250284595.3899/-0.10756,68.3,2.1208
KNX,Knight-Swift Transportation Hol,Industrials,1760434.55193/-0.04401,59.33,2.1075
LBRDK,Liberty Broadband Corporation,Communication Services,5949226661.08626/0.53382,153.31,2.0821
TTWO,Take-Two Interactive Software  ,Communication Services,36863052.187/-0.34636,172.74,2.0668
AEE,Ameren Corporation,Utilities,20144097586.71213/0.45166,88.66,2.0462
MRCY,Mercury Systems Inc,Industrials,7418961.95414/-0.43513,49.95,2.0022
OC,Owens Corning Inc,Industrials,1311728.99067/-0.44869,89.91,1.9986
COST,Costco Wholesale Corporation,Consumer Defensive,540881342.06136/0.04307,552.63,1.9836
CNXC,Concentrix Corporation,Technology,44133510.42108/0.30513,167.62,1.9605
NVT,nVent Electric plc,Industrials,1091668429.33123/0.07299,36.72,1.9554
CLH,Clean Harbors  Inc.,Industrials,411636.17134/-0.52102,98.19,1.8965
SNV,Synovus Financial Corp.,Financial Services,7.476083387299496e+16/0.37762,47.17,1.8755
SNA,Snap-On Incorporated,Industrials,2238710.47872/-0.60499,216.88,1.8683
ATVI,Activision Blizzard  Inc,Communication Services,264708.67713/-0.47644,61.49,1.8668
KHC,The Kraft Heinz Company,Consumer Defensive,145707354531.80307/-0.10363,36.0,1.8521
VIAC,ViacomCBS Inc.,Communication Services,87840531.46966/0.63037,29.74,1.8498
K,Kellogg Company,Consumer Defensive,161572282.02983/-0.44164,65.78,1.8453
TSCO,Tractor Supply Company,Consumer Cyclical,39860156.63031/0.22289,233.06,1.7875
JHG,Janus Henderson Group plc,Financial Services,1540441.45304/-0.43281,41.35,1.7833
AVGO,Broadcom Inc.,Technology,62076788.69579/0.13383,620.68,1.7595
CMS,CMS Energy Corporation,Utilities,147206051430.6855/-0.03547,65.41,1.7026
MSM,MSC Industrial Direct Company  ,Industrials,3890524.65773/-0.54356,84.95,1.6841
MDLZ,Mondelez International  Inc.,Consumer Defensive,38782803327.29578/-0.30757,65.69,1.6828
LHX,L3Harris Technologies  Inc.,Industrials,33892567.80486/-0.40167,210.76,1.6647
RGA,Reinsurance Group of America  I,Financial Services,13967424.22694/-0.18233,101.68,1.661
INTU,Intuit Inc.,Technology,63400943.4998/-0.18185,633.96,1.6476
OKE,ONEOK  Inc.,Energy,52566816.9452/-0.24714,58.31,1.6371
BWXT,BWX Technologies  Inc.,Industrials,12311821.09186/-0.48495,47.89,1.6334
AVT,Avnet  Inc.,Technology,235522175.36609/-0.41411,38.73,1.6202
JBL,Jabil Inc.,Technology,292500.0782/0.05032,64.45,1.6141
CTVA,Corteva  Inc.,Basic Materials,1759415696.90744/-0.17437,46.98,1.6086
AGO,Assured Guaranty Ltd.,Financial Services,19577010753169.4/-0.05391,47.76,1.5757
ATR,AptarGroup  Inc.,Consumer Cyclical,15019695.12342/-0.4258,118.69,1.5692
QRVO,Qorvo  Inc.,Technology,59366.30971/-0.55264,147.7,1.5546
PRU,Prudential Financial  Inc.,Financial Services,144480393073.55545/0.08676,108.05,1.5441
ADS,Alliance Data Systems Corporati,Financial Services,7093882.82618/-0.25658,68.37,1.5297
EWBC,East West Bancorp  Inc.,Financial Services,1.566213123879729e+16/0.28234,77.71,1.4853
MIDD,The Middleby Corporation,Industrials,15153262.2857/0.06494,190.14,1.4314
MSFT,Microsoft Corporation,Technology,1563952526.07073/0.0227,324.9,1.4097
FLO,Flowers Foods  Inc.,Consumer Defensive,908224228.8645/0.099,27.24,1.4006
AMED,Amedisys Inc,Healthcare,42198.91467/-0.68602,152.3,1.309
UGI,UGI Corporation,Utilities,34389348.43584/-0.15177,44.95,1.3043
ES,Eversource Energy (D/B/A),Utilities,62169077284.88311/-0.04986,90.91,1.2602
FLT,FleetCor Technologies  Inc.,Technology,14332782.04344/-0.25884,216.39,1.2566
APD,Air Products and Chemicals  Inc,Basic Materials,698280664.96057/-0.07964,303.15,1.2546
RH,RH,Consumer Cyclical,157220.36174/-0.59958,546.49,1.2463
BERY,Berry Global Group  Inc.,Consumer Cyclical,68253043.91211/0.04658,70.18,1.2449
ST,Sensata Technologies Holding pl,Technology,165125469.3322/-0.36056,58.32,1.2428
WAL,Western Alliance Bancorporation,Financial Services,3.38356842797125e+20/0.16797,104.79,1.2422
HIW,Highwoods Properties  Inc.,Real Estate,63431539.49742/-0.01483,43.73,1.2404
DLTR,Dollar Tree  Inc.,Consumer Defensive,559492746.07384/-0.15909,138.09,1.2333
PKI,PerkinElmer  Inc.,Healthcare,108418063.07909/0.08068,187.77,1.2284
CSCO,Cisco Systems  Inc.,Technology,3634455115.27244/0.41082,60.31,1.2275
POOL,Pool Corporation,Consumer Cyclical,20775777.98348/-0.23576,551.56,1.216
ABT,Abbott Laboratories,Healthcare,32118285.46611/0.14146,136.09,1.2151
AGNC,AGNC Investment Corp.,Real Estate,1.0033663887996004e+19/0.56714,15.12,1.2087
IDA,IDACORP  Inc.,Utilities,2439558829.2515/0.42666,111.45,1.2054
SAM,Boston Beer Company  Inc. (The),Consumer Defensive,557203.55679/-0.62134,510.83,1.1927
PRI,Primerica  Inc.,Financial Services,13984368.93979/-0.19113,150.01,1.1783
UI,Ubiquiti Inc.,Technology,788425461559.5516/-1.30422,292.44,1.1588
SO,Southern Company (The),Utilities,3860748304130.4404/-0.01444,67.55,1.1448
TFC,Truist Financial Corporation,Financial Services,7.53102644052467e+19/1.16048,59.18,1.1389
CVX,Chevron Corporation,Energy,130675104184.30867/0.16145,116.64,1.1222
DFS,Discover Financial Services,Financial Services,231922763425.28354/-0.05334,115.72,1.1158
DVA,DaVita Inc.,Healthcare,3999369.70601/-0.38112,105.39,1.1096
EVR,Evercore Inc.,Financial Services,751372064.64717/-0.52061,136.65,1.1083
SWKS,Skyworks Solutions  Inc.,Technology,164096.18338/-0.63526,146.39,1.0952
NYCB,New York Community Bancorp  Inc,Financial Services,8.841323766950214e+16/0.26006,11.87,1.0677
CRUS,Cirrus Logic  Inc.,Technology,2574800.34795/-0.53107,88.8,1.0673
MTB,M&T Bank Corporation,Financial Services,70244309910499.39/0.15439,153.18,1.0407
LECO,Lincoln Electric Holdings  Inc.,Industrials,5065319.4682/-0.60249,134.71,1.0392
MAN,ManpowerGroup,Industrials,83317.60312/-0.59442,94.58,1.0227
WBS,Webster Financial Corporation,Financial Services,8.896490279477138e+16/0.10423,53.77,1.0205
FBHS,Fortune Brands Home & Security ,Consumer Cyclical,63919252.13036/-0.35123,104.89,1.0149
UTHR,United Therapeutics Corporation,Healthcare,14123357.82951/-0.37179,195.86,1.007
FITB,Fifth Third Bancorp,Financial Services,2.550290644628341e+22/0.50867,43.53,0.999
CL,Colgate-Palmolive Company,Consumer Defensive,188707363219.9871/-0.55347,83.95,0.989
KEY,KeyCorp,Financial Services,8.268133911640719e+18/0.5108,23.32,0.9874
DLB,Dolby Laboratories,Technology,1350349.09738/-0.53963,92.0,0.9869
ED,Consolidated Edison  Inc.,Utilities,345574452241.4691/0.66643,84.69,0.9603
MDT,Medtronic plc.,Healthcare,9371721.87023/-0.45428,102.21,0.9569
BWA,BorgWarner Inc.,Consumer Cyclical,11306049.81913/-0.57402,44.22,0.9415
EXEL,Exelixis  Inc.,Healthcare,1075565.6608/-0.5133,17.63,0.9339
CPRT,Copart  Inc.,Industrials,702511.80079/-0.52177,146.23,0.9312
CCK,Crown Holdings  Inc.,Consumer Cyclical,29951801904.29815/-0.0808,108.93,0.9156
ARW,Arrow Electronics  Inc.,Technology,4822832.19306/-0.2283,124.46,0.9105
TPX,Tempur Sealy International  Inc,Consumer Cyclical,18848390.96372/-0.3731,46.38,0.9048
TMO,Thermo Fisher Scientific Inc,Healthcare,110109543.11291/0.36139,661.25,0.8993
PNR,Pentair plc.,Industrials,61734811.57409/-0.54239,72.44,0.894
LITE,Lumentum Holdings Inc.,Technology,29232308.88902/-0.45032,102.76,0.8756
STL,Sterling Bancorp,Financial Services,1.7544427256627946e+16/0.22506,24.52,0.8692
LNT,Alliant Energy Corporation,Utilities,89476956326.31679/-0.05897,60.98,0.8656
DRI,Darden Restaurants  Inc.,Consumer Cyclical,52027962.81768/-0.45832,147.13,0.8619
ISRG,Intuitive Surgical  Inc.,Healthcare,603069840.79563/-0.2574,334.53,0.8577
NRZ,New Residential Investment Corp,Real Estate,1.8042080263094647e+21/0.1767,10.9,0.8487
CDNS,Cadence Design Systems  Inc.,Technology,6212726079.28757/0.07829,179.62,0.8416
THG,Hanover Insurance Group Inc,Financial Services,31194839.05676/-0.17297,131.03,0.8328
SWI,SolarWinds Corporation,Technology,1024646137252.9026/-0.17511,13.92,0.8288
SCHW,Charles Schwab Corporation (The,Financial Services,1.248029651084609e+18/0.8556,83.89,0.8282
DTE,DTE Energy Company,Utilities,30375130328.43356/-0.14478,119.445,0.82
CHE,Chemed Corp,Healthcare,1820841.61813/-0.8232,500.04,0.8174
ALGN,Align Technology  Inc.,Healthcare,4095597.05759/-0.40271,595.06,0.8142
LEG,Leggett & Platt  Incorporated,Consumer Cyclical,10917758.55649/-0.43938,41.33,0.8141
FNB,F.N.B. Corporation,Financial Services,8.876513058018603e+16/0.13785,12.03,0.8136
CTSH,Cognizant Technology Solutions ,Technology,309175795.13131/0.09658,84.68,0.807
MRK,Merck & Company  Inc.,Healthcare,23935402201.05069/-0.27467,75.91,0.8042
GIS,General Mills  Inc.,Consumer Defensive,444992432624.9607/0.33776,68.86,0.803
ITW,Illinois Tool Works Inc.,Industrials,1397254261.67247/0.24308,245.39,0.7851
FHB,First Hawaiian  Inc.,Financial Services,1.415739752767128e+18/0.09733,26.83,0.777
NWS,News Corporation,Communication Services,2398166374546.41/-0.61043,21.61,0.7769
NFLX,Netflix  Inc.,Communication Services,122958740.92384/-0.33062,591.06,0.7664
SJM,J.M. Smucker Company (The) New,Consumer Defensive,17330939281.99251/-0.32406,138.91,0.7636
DECK,Deckers Outdoor Corporation,Consumer Cyclical,1123753.9285/-0.68174,356.35,0.7623
MCHP,Microchip Technology Incorporat,Technology,721654687.82534/-0.09732,84.53,0.7612
CDK,CDK Global  Inc.,Technology,29662.80844/-0.99668,39.22,0.7596
G,Genpact Limited,Technology,207550937.1833/-0.03699,50.6,0.7594
WOOF,Petco Health and Wellness Compa,Consumer Cyclical,15061912.29187/-0.97707,19.2,0.7474
BLD,TopBuild Corp.,Industrials,112413339.36157/0.08511,274.57,0.7247
ADBE,Adobe Inc.,Technology,17106112448.22671/-0.23727,566.09,0.7097
BC,Brunswick Corporation,Consumer Cyclical,232031.1251/-0.62292,97.89,0.7082
CFX,Colfax Corporation,Industrials,3241050.40889/-0.49546,43.83,0.7001
ULTA,Ulta Beauty  Inc.,Consumer Cyclical,5335818.71443/-0.80724,385.17,0.6988
WHR,Whirlpool Corporation,Consumer Cyclical,11740564.87229/-0.42322,232.02,0.6976
COO,The Cooper Companies  Inc.,Healthcare,209436.23482/-0.69047,394.87,0.6928
HE,Hawaiian Electric Industries  I,Utilities,198106524.17632/-0.07874,42.13,0.6909
BKI,Black Knight  Inc.,Technology,63097884.01977/-0.17812,81.2,0.6868
GO,Grocery Outlet Holding Corp.,Consumer Defensive,237129696.65944/-0.37757,28.61,0.6782
KMB,Kimberly-Clark Corporation,Consumer Defensive,7880312528526.274/-0.53011,141.82,0.6738
JCI,Johnson Controls International ,Industrials,273865110162.0524/0.33995,78.76,0.6702
AL,Air Lease Corporation,Industrials,2854495468555.7905/0.11031,41.84,0.6647
FMC,FMC Corporation,Basic Materials,174303045.60429/-0.32636,104.97,0.6606
ATO,Atmos Energy Corporation,Utilities,1382188877693830.5/-0.17678,100.35,0.66
CTLT,Catalent  Inc.,Healthcare,125616274.22766/-0.16123,126.97,0.6562
QCOM,QUALCOMM Incorporated,Technology,10647297785.26222/-0.34185,178.15,0.6394
APH,Amphenol Corporation,Technology,1174849611.77511/0.18379,83.55,0.6359
PPG,PPG Industries  Inc.,Basic Materials,50117570782.46612/-0.46082,169.32,0.6341
OSK,Oshkosh Corporation (Holding Co,Industrials,343371.55184/-0.52214,109.28,0.6328
PFG,Principal Financial Group Inc,Financial Services,9787745613.9611/0.63553,73.17,0.6323
PBCT,People's,Financial Services,1.7474625459237636e+16/0.16833,17.58,0.6322
WAB,Westinghouse Air Brake Technolo,Industrials,230497678.24123/-0.25167,89.41,0.6277
POST,Post Holdings  Inc.,Consumer Defensive,6577978.54543/-0.60797,104.46,0.6162
PEP,Pepsico  Inc.,Consumer Defensive,22040626252.38771/0.27011,171.82,0.6134
OMC,Omnicom Group Inc.,Communication Services,159089009.25143/-0.43134,73.69,0.5994
KEYS,Keysight Technologies Inc.,Technology,351512634.17269/0.21135,198.59,0.5964
JNJ,Johnson & Johnson,Healthcare,674762661.28605/-0.47457,173.01,0.5909
VMI,Valmont Industries  Inc.,Industrials,312437246.39101/-0.2812,244.06,0.5874
EPAM,EPAM Systems  Inc.,Technology,67760217.9166/-0.5678,635.73,0.5701
TDY,Teledyne Technologies Incorpora,Technology,10683386119.40147/-0.14386,432.32,0.5591
PSA,Public Storage,Real Estate,2157330077.15286/0.76807,363.0,0.5558
PPC,Pilgrim's Pride Corporation,Consumer Defensive,14051038214796.047/-0.9271,28.08,0.5371
EOG,EOG Resources  Inc.,Energy,1544678295.47805/-0.3203,86.19,0.5251
STWD,STARWOOD PROPERTY TRUST  INC. S,Real Estate,139492574510781.38/0.42449,23.39,0.5201
CAT,Caterpillar  Inc.,Industrials,82962527.92444/-0.38379,206.17,0.5191
AMD,Advanced Micro Devices  Inc.,Technology,116222201.09892/-0.63031,138.64,0.5187
CTAS,Cintas Corporation,Industrials,465324710.42295/-0.12926,454.81,0.5159
DE,Deere & Company,Industrials,414566235.66146/-0.38708,348.29,0.5113
WFC,Wells Fargo & Company,None,5.212357760678706e+23/0.78313,50.3,0.5028
ASML,ASML Holding N.V. - New York Re,Technology,922075599478.0759/-0.12962,755.0,0.4942
ICE,Intercontinental Exchange Inc.,Financial Services,227305444835.22797/0.56206,135.99,0.4937
FB,Meta Platforms  Inc.,Communication Services,3858154.61485/-0.70992,334.9,0.488
ERIE,Erie Indemnity Company,Financial Services,462091.11093/-1.14429,191.61,0.4869
NKE,Nike  Inc.,Consumer Cyclical,729774963.28507/-0.53406,162.72,0.4861
OLED,Universal Display Corporation,Technology,23189.43055/-0.69239,148.55,0.466
SCI,Service Corporation Internation,Consumer Cyclical,974372117.57068/0.46394,68.4,0.4646
EVRG,Evergy  Inc.,Utilities,68912376840.40915/0.48996,68.13,0.4588
CBSH,Commerce Bancshares  Inc.,Financial Services,3145013838743184.0/0.00693,68.84,0.4561
LAZ,Lazard LTD. Lazard  LTD.,Financial Services,8693456600.01314/-0.17379,43.19,0.4519
GLPI,Gaming and Leisure Properties  ,Real Estate,4343338664146.1025/0.01946,45.6,0.4516
CLX,Clorox Company (The),Consumer Defensive,676983189293.6967/-0.26227,178.17,0.4508
CC,Chemours Company (The),Basic Materials,691160.07084/-0.45073,32.74,0.4448
GNRC,Generac Holdlings Inc.,Industrials,1088655.99687/-0.60825,350.04,0.4444
SKX,Skechers U.S.A.  Inc.,Consumer Cyclical,2580354.95293/-0.55024,41.69,0.4418
COLM,Columbia Sportswear Company,Consumer Cyclical,87017.21895/-1.59335,95.67,0.4405
VIRT,Virtu Financial  Inc.,Financial Services,19271321488.92707/-0.07559,27.58,0.4337
IT,Gartner  Inc.,Technology,318255238.7152/-0.30515,326.6,0.428
DCI,Donaldson Company  Inc.,Industrials,3971836.76023/-0.56815,58.34,0.4216
LULU,lululemon athletica inc.,Consumer Cyclical,141353732.80629/-0.53249,390.62,0.4204
RPRX,Royalty Pharma plc,Healthcare,829337231.64941/0.69459,38.24,0.4112
AXS,Axis Capital Holdings Limited,Financial Services,52164510.5701/-0.22109,52.2,0.4081
TTC,Toro Company (The),Industrials,706592.96625/-0.54671,99.34,0.4022
AMGN,Amgen Inc.,Healthcare,167294572607774.56/-0.13315,222.58,0.3955
APO,Apollo Global Management  Inc.,Financial Services,3.4649991672921006e+18/0.08289,69.8,0.3929
IART,Integra LifeSciences Holdings C,Healthcare,4313926.04966/-0.49318,63.35,0.3869
TRMB,Trimble Inc.,Technology,626644479.80689/-0.3472,84.77,0.3869
FTNT,Fortinet  Inc.,Technology,16530834057.22355/0.22959,322.92,0.377
HOLX,Hologic  Inc.,Healthcare,7066234.84555/-0.42439,77.92,0.3761
CRL,Charles River Laboratories Inte,Healthcare,542416511.01635/-0.21312,360.88,0.3732
AMG,Affiliated Managers Group  Inc.,Financial Services,245656.62128/-1.34706,164.88,0.372
JKHY,Jack Henry & Associates  Inc.,Technology,36496925.55511/-0.57789,165.1,0.3717
CRI,Carter's  Inc.,Consumer Cyclical,1434083539.43032/-0.40752,105.04,0.3624
SHW,Sherwin-Williams Company (The),Basic Materials,372663774836.93066/0.5911,348.25,0.3501
BOH,Bank of Hawaii Corporation,Financial Services,2.259635046739119e+16/0.10896,82.4,0.3475
BAX,Baxter International Inc.,Healthcare,991764838.72108/-0.49109,83.91,0.3468
NSC,Norfolk Southern Corporation,Industrials,9369050177.64241/0.35211,290.41,0.3376
MPWR,Monolithic Power Systems  Inc.,Technology,103529285.74653/-0.49334,475.5,0.334
NTRS,Northern Trust Corporation,Financial Services,5.342573026407548e+16/0.3819,119.0,0.3335
MGM,MGM Resorts International,Consumer Cyclical,1226266772.74788/-0.37797,40.8,0.3301
ADP,Automatic Data Processing  Inc.,Industrials,12086442429.79992/0.21279,231.85,0.3284
GNTX,Gentex Corporation,Consumer Cyclical,11762732.68354/-0.90876,34.05,0.3245
BX,Blackstone Inc.,Financial Services,467061718469.6243/-0.15446,123.93,0.3205
ADSK,Autodesk  Inc.,Technology,8117931744.11656/-0.08257,269.61,0.3183
CASY,Caseys General Stores  Inc.,Consumer Defensive,25377202.33474/-0.48858,190.01,0.3124
ZBRA,Zebra Technologies Corporation,Technology,464059394.5897/0.02271,592.04,0.3095
HON,Honeywell International Inc.,Industrials,286435942.02403/-0.56544,209.61,0.3084
AYI,Acuity Brands  Inc.,Industrials,43198651.55946/-0.41215,198.0,0.3065
JBHT,J.B. Hunt Transport Services  I,Industrials,12759674.32132/-0.22003,196.53,0.3056
BYD,Boyd Gaming Corporation,Consumer Cyclical,42382258.98488/-0.78379,58.83,0.3043
BRO,Brown & Brown  Inc.,Financial Services,257668877.91292/0.23259,67.24,0.3025
ROP,Roper Technologies  Inc.,Industrials,7219236577.56547/0.19586,486.95,0.2996
MKC,McCormick & Company  Incorporat,Consumer Defensive,20330175348.01942/-0.25611,94.66,0.2979
CMA,Comerica Incorporated,Financial Services,1007852547620240.1/0.51206,87.11,0.2916
RTX,Raytheon Technologies Corporati,Industrials,32622506221.04859/0.55575,82.7,0.2896
AJG,Arthur J. Gallagher & Co.,Financial Services,6601071954.74659/0.34476,166.05,0.2753
WEN,Wendy's Company (The),Consumer Cyclical,160956860.15507/-0.32444,22.1,0.2719
O,Realty Income Corporation,Real Estate,95011633726.81438/0.40687,67.67,0.269
MANH,Manhattan Associates  Inc.,Technology,77211562.50531/-0.76251,147.79,0.269
TSLA,Tesla  Inc.,Consumer Cyclical,28737222869.49971/-0.3016,926.92,0.2661
TPR,Tapestry  Inc.,Consumer Cyclical,56399713.47429/-0.35001,41.18,0.2655
MASI,Masimo Corporation,Healthcare,29797279.17507/-0.63758,273.78,0.2625
EXC,Exelon Corporation,Utilities,117534281940681.92/0.68574,54.36,0.2625
AMH,American Homes 4 Rent,Real Estate,7459633211.18674/0.57166,41.62,0.2613
SYK,Stryker Corporation,Healthcare,277706622.73449/-0.44431,251.46,0.2612
PLD,Prologis  Inc.,Real Estate,1510685328836.2788/1.29021,163.25,0.2592
FND,Floor & Decor Holdings  Inc.,Consumer Cyclical,16102722.53516/-0.46787,121.62,0.2567
BDX,Becton  Dickinson and Company,Healthcare,798597858.40316/-0.36799,257.21,0.2566
SPB,Spectrum Brands Holdings  Inc.,Consumer Defensive,524128035295596.8/-0.05651,97.59,0.2544
KMX,CarMax Inc,Consumer Cyclical,5078605845739.559/-0.69469,137.4,0.2538
ALSN,Allison Transmission Holdings  ,Consumer Cyclical,1024280016106.2592/-0.23039,34.86,0.2516
MAT,Mattel  Inc.,Consumer Cyclical,516548388.50438/-0.3935,20.73,0.2451
CACC,Credit Acceptance Corporation,Financial Services,1419065741821.7764/0.02965,657.4,0.2442
WEC,WEC Energy Group  Inc.,Utilities,398940346537.765/-0.03631,98.36,0.2426
PFE,Pfizer  Inc.,Healthcare,25891894575.73206/0.60267,61.25,0.2405
CABO,Cable One  Inc.,Communication Services,249775.06118/-0.25983,1626.93,0.2363
SBNY,Signature Bank,Financial Services,6.492523032433362e+23/0.4937,304.26,0.235
ICUI,ICU Medical  Inc.,Healthcare,776931.14792/-0.70767,226.6,0.2324
CHRW,C.H. Robinson Worldwide  Inc.,Industrials,81261203.55697/-0.63797,104.39,0.2317
STOR,STORE Capital Corporation,Real Estate,119306869.1204/0.19108,33.94,0.2292
SITE,SiteOne Landscape Supply  Inc.,Industrials,806585830.59689/-0.4714,226.51,0.2273
SIVB,SVB Financial Group,Financial Services,6.765832888437009e+19/0.47093,682.29,0.2254
IDXX,IDEXX Laboratories  Inc.,Healthcare,1211602221.7793/-0.54342,607.56,0.2234
TER,Teradyne  Inc.,Technology,105745439.16463/-0.02348,158.3,0.223
NXPI,NXP Semiconductors N.V.,Technology,39938249155.23503/-0.06982,217.95,0.2222
LFUS,Littelfuse  Inc.,Technology,87021627.3692/-0.39066,297.3,0.2165
BR,Broadridge Financial Solutions ,Technology,21147260071.94941/0.13502,180.06,0.214
CLF,Cleveland-Cliffs Inc.,Basic Materials,5523375651.78089/-0.46989,20.54,0.2118
ARE,Alexandria Real Estate Equities,Real Estate,21290538801.06492/0.98621,216.57,0.2105
GILD,Gilead Sciences  Inc.,Healthcare,7074536743.08055/0.16653,72.31,0.2078
SUI,Sun Communities  Inc.,Real Estate,41188023349.53233/0.34809,197.98,0.2055
APTV,Aptiv PLC,Consumer Cyclical,85569498.12181/-0.45761,162.16,0.2047
GOOGL,Alphabet Inc.,Communication Services,92640204.82269/-0.16895,2888.9,0.2045
HSY,The Hershey Company,Consumer Defensive,6208622507.11899/0.26406,192.13,0.2038
FIS,Fidelity National Information S,Technology,20795773825.94268/-0.20828,108.47,0.2024
REG,Regency Centers Corporation,Real Estate,237384889.04616/0.26377,71.65,0.2012
AZPN,Aspen Technology  Inc.,Technology,74041104.95958/-0.32128,149.59,0.2012
FLS,Flowserve Corporation,Industrials,142572292.61072/-0.44944,30.12,0.2005
HBAN,Huntington Bancshares Incorpora,Financial Services,7.307620888781425e+19/0.24583,15.38,0.1949
GOOG,Alphabet Inc.,Communication Services,397873400.04335/-0.19111,2896.77,0.1947
INFO,IHS Markit Ltd.,Industrials,120209377095.83366/0.63424,133.79,0.194
PG,Procter & Gamble Company (The),Consumer Defensive,35341177443.86891/0.41176,161.11,0.1912
EMN,Eastman Chemical Company,Basic Materials,372168214.77888/-0.44764,120.1,0.1911
MMC,Marsh & McLennan Companies  Inc,Financial Services,13908424993.54513/0.2233,170.0,0.1902
LEA,Lear Corporation,Consumer Cyclical,156905703257.31064/-0.34093,177.59,0.1865
CHD,Church & Dwight Company  Inc.,Consumer Defensive,8820017170.60208/0.30891,101.54,0.1848
FIGS,FIGS  Inc.,Consumer Cyclical,4.001381552844496e+17/-0.67473,22.94,0.1791
BLL,Ball Corporation,Consumer Cyclical,1612112815.30292/-0.34661,92.34,0.1779
RSG,Republic Services  Inc.,Industrials,18883991481.341/0.10463,139.09,0.1772
MTD,Mettler-Toledo International  I,Healthcare,1980091024.03927/-0.06319,1565.85,0.1771
CGNX,Cognex Corporation,Technology,48495957.22344/-0.48455,75.84,0.1749
AAPL,Apple Inc.,Technology,126331877637.53549/-0.06386,172.26,0.1726
AAP,Advance Auto Parts Inc.,Consumer Cyclical,2766105534.89039/0.3709,239.16,0.1652
HAS,Hasbro  Inc.,Consumer Cyclical,1234624779.23882/-0.17691,101.24,0.1638
UPS,United Parcel Service  Inc.,Industrials,4151274421191.953/-0.07127,207.97,0.1611
JLL,Jones Lang LaSalle Incorporated,Real Estate,55504666.71975/-0.1915,254.57,0.1603
KIM,Kimco Realty Corporation,Real Estate,30608010240.1107/0.27263,22.75,0.1599
HAIN,The Hain Celestial Group  Inc.,Consumer Defensive,172124309.6341/-0.5669,41.56,0.1575
EXPD,Expeditors International of Was,Industrials,16534692.25401/-0.06992,135.62,0.157
PAYC,Paycom Software  Inc.,Technology,9549619358.38089/0.13499,399.37,0.1565
TPL,Texas Pacific Land Corporation,Energy,125644.33743/-1.04687,1234.5,0.1536
SEE,Sealed Air Corporation,Consumer Cyclical,1140786422.56948/0.20653,65.94,0.1513
NDAQ,Nasdaq  Inc.,Financial Services,3418323687.42156/-0.02151,203.65,0.1487
WMB,Williams Companies  Inc. (The),Energy,2.077487420688401e+16/-0.05379,26.14,0.1483
ABBV,AbbVie Inc.,Healthcare,22746722412.45283/0.50767,131.78,0.1401
LKQ,LKQ Corporation,Consumer Cyclical,106942587.63299/-0.09557,56.69,0.1359
SNPS,Synopsys  Inc.,Technology,43459254138.64806/0.34984,352.92,0.1358
NTAP,NetApp  Inc.,Technology,980178537.75709/-0.1128,88.15,0.1343
EA,Electronic Arts Inc.,Communication Services,8677060998.16319/-0.34334,129.39,0.1337
LIN,Linde plc,Basic Materials,96998508127.5284/0.48239,340.01,0.1329
CMG,Chipotle Mexican Grill  Inc.,Consumer Cyclical,2428610556.36772/-0.40106,1678.97,0.1299
WPC,W. P. Carey Inc. REIT,Real Estate,42124267485.02576/0.62536,80.16,0.1286
PYPL,PayPal Holdings  Inc.,Financial Services,392380648.18538/-0.18819,188.75,0.1283
VFC,V.F. Corporation,Consumer Cyclical,921049837.17358/-0.43334,72.38,0.1275
DUK,Duke Energy Corporation (Holdin,Utilities,61831322678232.1/0.01639,104.54,0.1253
ARES,Ares Management Corporation,Financial Services,35200064731864.586/-0.31043,75.35,0.1244
LSTR,Landstar System  Inc.,Industrials,4563309.81391/-0.98999,174.47,0.1228
CME,CME Group Inc.,Financial Services,980873195271457.9/1.0926,229.09,0.1204
DIS,Walt Disney Company (The),Communication Services,52925090615.30355/-0.29808,148.75,0.1202
CARR,Carrier Global Corporation,Industrials,111907570370095.33/0.82656,53.87,0.1196
VEEV,Veeva Systems Inc.,Healthcare,18813816.01945/-0.57649,254.23,0.1182
URI,United Rentals  Inc.,Industrials,519618154.19058/-0.38144,337.47,0.1166
FFIV,F5  Inc.,Technology,58839295297.88798/0.29221,233.93,0.1153
DAR,Darling Ingredients Inc.,Consumer Defensive,2750351.11151/-0.56208,63.3,0.1141
PTC,PTC Inc.,Technology,8558705.07919/-0.44248,115.52,0.1128
CBRE,CBRE Group Inc,Real Estate,1249530503.07769/0.19503,105.92,0.1107
BSX,Boston Scientific Corporation,Healthcare,121027685236.10619/-0.23605,40.43,0.1105
V,Visa Inc.,Financial Services,1343271333.04481/-0.10433,214.37,0.1093
BF.B,Brown Forman Inc,Consumer Defensive,940611136.86025/-0.28507,72.7,0.1092
CAH,Cardinal Health  Inc.,Healthcare,212355398.52355/-0.40906,49.44,0.1085
GTES,Gates Industrial Corporation pl,Industrials,620270498.76148/-0.3637,15.5,0.1064
SLG,SL Green Realty Corp,Real Estate,36291733683.18324/0.05972,70.37,0.1061
NVST,Envista Holdings Corporation,Healthcare,4056326996.97754/-0.31246,40.97,0.1061
GMED,Globus Medical  Inc.,Healthcare,14919753.88251/-0.52374,66.24,0.1052
DLR,Digital Realty Trust  Inc.,Real Estate,1644687856591.5427/0.8191,171.99,0.105
ROL,Rollins  Inc.,Consumer Cyclical,2402997.7494/-1.1261,32.94,0.1037
FAST,Fastenal Company,Industrials,2322488816.46755/0.02259,63.46,0.1031
ZBH,Zimmer Biomet Holdings  Inc.,Healthcare,1484929423.48545/-0.41544,120.47,0.101
WST,West Pharmaceutical Services  I,Healthcare,164508692.40943/-0.46199,444.82,0.1009
PAYX,Paychex  Inc.,Industrials,5944337545.13875/0.36747,124.65,0.1007
REYN,Reynolds Consumer Products Inc.,Consumer Cyclical,42630688869.3444/-0.17368,31.06,0.1003
CNP,CenterPoint Energy  Inc (Holdin,Utilities,9.17756880540346e+16/0.74178,27.98,0.0993
PXD,Pioneer Natural Resources Compa,Energy,329041927773.0681/-0.13592,177.32,0.0982
CERN,Cerner Corporation,Healthcare,25642205739.18837/-0.44854,79.49,0.0978
AME,AMETEK  Inc.,Industrials,3188517164.18141/0.40872,143.85,0.0968
PCTY,Paylocity Holding Corporation,Technology,4333964967.26782/-0.15908,217.15,0.0966
GPK,Graphic Packaging Holding Compa,Consumer Cyclical,8036791404.03193/0.00723,20.23,0.0964
WSO,Watsco  Inc.,Industrials,73007529.5178/0.03186,313.7,0.0959
JNPR,Juniper Networks  Inc.,Technology,1.1773738401301328e+16/0.5757,33.47,0.0947
ALLE,Allegion plc,Industrials,9393554020.57051/-0.647,131.26,0.0927
KO,Coca-Cola Company (The),Consumer Defensive,9461021043.81047/-0.32003,58.65,0.0914
ENTG,Entegris  Inc.,Technology,40564301.37087/-0.40964,133.43,0.0885
AWK,American Water Works Company  I,Utilities,72856293793.39198/0.57095,182.93,0.0861
IBKR,Interactive Brokers Group  Inc.,Financial Services,378364048905387.2/0.72495,78.61,0.0857
ROK,Rockwell Automation  Inc.,Industrials,2188636878138.524/0.40098,348.87,0.0852
NWSA,News Corporation,Communication Services,189030724924571.34/-0.1852,21.36,0.0842
EW,Edwards Lifesciences Corporatio,Healthcare,13897871065.69865/0.05525,119.57,0.0841
AON,Aon plc,Financial Services,290613086198.20764/0.05663,295.13,0.0835
OHI,Omega Healthcare Investors  Inc,Real Estate,1011497368.91579/0.12169,27.61,0.0829
EXP,Eagle Materials Inc,Basic Materials,131363824.52655/0.11563,161.48,0.0828
NATI,National Instruments Corporatio,Technology,222347613.74561/-0.44567,42.18,0.0825
LSI,Life Storage  Inc.,Real Estate,1316310869.55133/0.85225,144.63,0.081
EIX,Edison International,Utilities,1.1265217466673617e+19/0.78437,67.96,0.0795
RGLD,Royal Gold  Inc.,Basic Materials,81090192.16397/-0.49186,98.01,0.0752
BSY,Bentley Systems  Incorporated,Technology,21724967971.21295/0.86604,47.0,0.0743
ETN,Eaton Corporation  PLC,Industrials,144621079585.16516/0.13348,168.8,0.0732
DOV,Dover Corporation,Industrials,937313216.98806/0.0735,172.32,0.073
IQV,IQVIA Holdings  Inc.,Healthcare,253082558795.1495/0.36853,266.45,0.0724
HOG,Harley-Davidson  Inc.,Consumer Cyclical,128584149.56823/-0.28877,37.01,0.0723
MCO,Moody's Corporation,Financial Services,53000384929.43267/0.38263,395.92,0.0722
MKTX,MarketAxess Holdings  Inc.,Financial Services,266583032.083/-0.22229,408.38,0.0716
FE,FirstEnergy Corp.,Utilities,2.3926936691374764e+16/0.72049,40.31,0.0707
MLM,Martin Marietta Materials  Inc.,Basic Materials,146632359676.52753/0.68103,440.37,0.0701
FIVE,Five Below  Inc.,Consumer Cyclical,224227296.36834/-0.41322,182.69,0.0682
STE,STERIS plc (Ireland),Healthcare,668244131643.0946/0.27287,230.9,0.0667
GE,General Electric Company,Industrials,1.6231901205051212e+20/-0.11595,92.53,0.0667
ZTS,Zoetis Inc.,Healthcare,39427223620.21488/0.51755,232.81,0.0663
RGEN,Repligen Corporation,Healthcare,929323544.20726/-0.08492,256.86,0.064
FRC,FIRST REPUBLIC BANK,Financial Services,1.941465772060907e+22/0.48828,204.57,0.0637
SPG,Simon Property Group  Inc.,Real Estate,75564828653836.98/0.22924,151.66,0.0613
ESS,Essex Property Trust  Inc.,Real Estate,88342934793047.62/0.68464,342.16,0.0582
CW,Curtiss-Wright Corporation,Industrials,334979065.76995/-0.09812,132.51,0.0579
NDSN,Nordson Corporation,Industrials,123816690.8145/-0.43975,248.85,0.0573
WAT,Waters Corporation,Healthcare,302982934.99238/-0.79137,350.08,0.0572
LPLA,LPL Financial Holdings Inc.,Financial Services,12069277384.35891/-0.18014,161.45,0.0552
EQR,Equity Residential,Real Estate,2381601331672.888/0.87244,88.13,0.0549
HEI,Heico Corporation,Industrials,15687713829.63289/-0.49963,136.14,0.0547
D,Dominion Energy  Inc.,Utilities,438984249993463.56/0.03067,78.57,0.0544
SPGI,S&P Global Inc.,Financial Services,81587579954.72952/0.57025,476.83,0.0543
BF.A,Brown Forman Inc,Consumer Defensive,339065409.97828/-1.08195,67.57,0.0535
OGE,OGE Energy Corp,Utilities,1847314319918284.5/0.50414,37.04,0.0522
HEI.A,Heico Corporation,Industrials,8470432705.66302/-0.40088,120.36,0.0519
ANSS,ANSYS  Inc.,Technology,623945167276.4462/0.31162,398.14,0.0517
TJX,TJX Companies  Inc. (The),Consumer Cyclical,17046724300119.8/-0.20928,73.47,0.0515
MELI,MercadoLibre  Inc.,Consumer Cyclical,3543586274410.436/-0.12277,1178.03,0.0504
MORN,Morningstar  Inc.,Financial Services,7846132323.60688/0.05105,335.18,0.05
ABMD,ABIOMED  Inc.,Healthcare,414738841.43224/-0.87499,310.0,0.05
IFF,International Flavors & Fragran,Basic Materials,1518034364820.9443/-0.0251,145.91,0.0497
NYT,New York Times Company (The),Communication Services,53953224.70824/-0.55904,45.15,0.0491
NBIX,Neurocrine Biosciences  Inc.,Healthcare,4177606255957.0005/-0.06911,84.43,0.0488
REXR,Rexford Industrial Realty  Inc.,Real Estate,142782882175.1256/1.34039,76.16,0.0481
VRSK,Verisk Analytics  Inc.,Industrials,40451346887.12189/0.59419,229.2,0.0472
RKT,Rocket Companies  Inc.,Financial Services,7134500059.54997/0.48424,15.58,0.0461
SYNH,Syneos Health  Inc.,Healthcare,11970133194.84666/0.11172,98.9,0.0455
CTXS,Citrix Systems  Inc.,Technology,33565819987.27579/-0.34887,84.72,0.0439
BXP,Boston Properties  Inc.,Real Estate,11779099399929.002/0.19843,114.02,0.0436
GGG,Graco Inc.,Industrials,288062570.06829/-0.18853,79.39,0.0427
EEFT,Euronet Worldwide  Inc.,Technology,37967434826.79149/-0.38465,115.33,0.0425
MAR,Marriott International,Consumer Cyclical,3575435098503.592/0.01508,150.76,0.0423
INCY,Incyte Corporation,Healthcare,11281020360.45403/-0.37214,72.0,0.0422
MAA,Mid-America Apartment Communiti,Real Estate,160241371403.17456/0.99871,222.89,0.0409
UNVR,Univar Solutions Inc.,Basic Materials,7.497175207401952e+16/0.02982,26.81,0.0408
QGEN,Qiagen N.V.,Healthcare,457376898.04959/-0.26693,55.35,0.04
AVTR,Avantor  Inc.,Basic Materials,103710771807.10559/-0.19872,39.52,0.0399
A,Agilent Technologies  Inc.,Healthcare,418483838.13777/-0.32232,150.8,0.0397
WM,Waste Management  Inc.,Industrials,70967256757.3878/0.41692,166.04,0.0393
AMT,American Tower Corporation (REI,Real Estate,730928269091.0677/0.37543,279.47,0.0392
CUZ,Cousins Properties Incorporated,Real Estate,987112964408.051/0.42226,39.09,0.0386
TREX,Trex Company  Inc.,Industrials,696448416.10306/-0.8509,130.62,0.0385
ALGM,Allegro MicroSystems  Inc.,Technology,18977144.58008/-1.06433,32.77,0.0373
GPC,Genuine Parts Company,Consumer Cyclical,137673638547.44778/0.19035,136.01,0.037
MOH,Molina Healthcare Inc,Healthcare,1009373105.13688/0.10039,306.87,0.0364
VNT,Vontier Corporation,Technology,450334784.29239/0.61243,30.3,0.0356
PPL,PPL Corporation,Utilities,3.2397758895509525e+25/0.50119,29.48,0.0356
EXR,Extra Space Storage Inc,Real Estate,35063569398.41119/0.99919,214.41,0.0354
ACM,AECOM,Industrials,1972992471897.6326/0.49343,74.19,0.0343
DRE,Duke Realty Corporation,Real Estate,409564014846.1787/1.09072,62.58,0.0342
SYY,Sysco Corporation,Consumer Defensive,4.8145129528505435e+23/-0.15652,74.01,0.0341
SQ,Block  Inc.,Technology,292387530034.56433/-0.36101,165.88,0.0338
CCI,Crown Castle International Corp,Real Estate,529425393149.0213/0.91028,200.47,0.0336
NNN,National Retail Properties,Real Estate,37858132710243.0/0.2222,45.76,0.0326
FDS,FactSet Research Systems Inc.,Financial Services,6623875793.42084/0.48588,471.4,0.0322
ILMN,Illumina  Inc.,Healthcare,60396375488.92483/-0.25648,378.87,0.0322
VNO,Vornado Realty Trust,Real Estate,5.578878789346507e+19/0.10406,40.44,0.0321
TRU,TransUnion,Industrials,5215028101.19584/-0.189,112.59,0.0319
MSA,MSA Safety Incorporated,Industrials,752913371.14032/-0.38972,144.72,0.0312
RMD,ResMed Inc.,Healthcare,18590138460.75517/-0.25208,253.77,0.0304
CIEN,Ciena Corporation,Technology,218835439804576.12/0.38469,72.95,0.03
AVB,AvalonBay Communities  Inc.,Real Estate,2930295423678.554/0.9204,245.91,0.0299
INVH,Invitation Homes Inc.,Real Estate,4186070353647.071/0.88802,42.53,0.0298
IPG,Interpublic Group of Companies ,Communication Services,47620448794.92/0.02179,36.62,0.0298
BRKR,Bruker Corporation,Healthcare,286882913.65057/-0.76704,78.78,0.0297
GLOB,Globant S.A.,Technology,24029967248782.758/-0.22269,263.65,0.0291
UNP,Union Pacific Corporation,Industrials,23822097633.51258/0.33546,247.17,0.0288
RPM,RPM International Inc.,Basic Materials,853434036.62689/0.42475,99.77,0.0284
TXT,Textron Inc.,Industrials,14622537048.42611/-0.03341,74.64,0.0283
ETSY,Etsy  Inc.,Consumer Cyclical,15410868376.49504/-0.09094,218.29,0.0269
AES,The AES Corporation,Utilities,537004524145.88354/-0.14751,24.06,0.0264
DEI,Douglas Emmett  Inc.,Real Estate,202736669623339.94/0.02606,32.79,0.0261
UPST,Upstart Holdings  Inc.,Financial Services,5245379689.30824/0.55216,140.64,0.0258
HZNP,Horizon Therapeutics Public Lim,Healthcare,73009499249.35402/-0.05313,103.13,0.0243
TFX,Teleflex Incorporated,Healthcare,74631639.66023/-0.43864,318.0,0.0236
IRM,Iron Mountain Incorporated (Del,Real Estate,34708823584.13862/0.54389,50.7,0.0213
TT,Trane Technologies plc,Industrials,1831339049807.95/1.181,202.16,0.0211
J,Jacobs Engineering Group Inc.,Industrials,990152821428.8755/0.79652,138.17,0.02
HUBB,Hubbell Inc,Industrials,11956611832.36404/0.17314,208.28,0.0199
WMS,Advanced Drainage Systems  Inc.,Industrials,1702059142.86682/-0.0778,130.92,0.0199
VMC,Vulcan Materials Company (Holdi,Basic Materials,4643309168338.499/0.35233,205.35,0.0194
CSL,Carlisle Companies Incorporated,Industrials,4176850970.38643/0.43444,244.78,0.0193
CHDN,Churchill Downs  Incorporated,Consumer Cyclical,31306769674.06847/-0.49393,213.54,0.0192
EQIX,Equinix  Inc.,Real Estate,17325578669255.684/0.33001,822.9,0.0187
IAA,IAA  Inc.,Industrials,3436287470.54067/0.63935,47.85,0.0177
AOS,A.O. Smith Corporation,Industrials,1464119683.73281/0.17595,83.78,0.0173
CF,CF Industries Holdings  Inc.,Basic Materials,3604171690.49444/0.1035,64.31,0.0168
TYL,Tyler Technologies  Inc.,Technology,171998656233.45938/0.06444,503.41,0.0168
LW,Lamb Weston Holdings  Inc.,Consumer Defensive,11135405851.78909/-0.36508,57.22,0.0162
AVY,Avery Dennison Corporation,Industrials,2507309245.40176/-0.24762,210.87,0.0153
HPP,Hudson Pacific Properties  Inc.,Real Estate,8.129779055111303e+18/0.14857,24.0,0.0153
VTR,Ventas  Inc.,Real Estate,2.95258138754125e+18/0.10418,49.14,0.0152
FR,First Industrial Realty Trust  ,Real Estate,56352479958.13469/1.01968,64.21,0.015
VVV,Valvoline Inc.,Energy,6.87727322051729e+16/0.96959,35.83,0.0148
TMX,Terminix Global Holdings  Inc.,Consumer Cyclical,211906401044240.03/0.38512,43.7,0.0146
CPT,Camden Property Trust,Real Estate,175936869603.34927/0.917,174.49,0.0146
BRX,Brixmor Property Group Inc.,Real Estate,35767646169757.87/0.36551,23.76,0.0145
EL,Estee Lauder Companies  Inc. (T,Consumer Defensive,31982394239.42565/0.31619,362.68,0.013
RRX,Regal Rexnord Corporation,Industrials,11818878513.87838/0.83491,165.17,0.0121
ELS,Equity Lifestyle Properties  In,Real Estate,81792677356.22815/0.42878,84.0,0.0112
BFAM,Bright Horizons Family Solution,Consumer Cyclical,6195126940.01126/-0.50251,114.69,0.0112
RYN,Rayonier Inc. REIT,Real Estate,44803989226.32564/-0.01199,39.17,0.0109
ITT,ITT Inc.,Industrials,1.0293039272751314e+18/0.04745,101.18,0.0109
TDC,Teradata Corporation,Technology,850189715477428.2/-0.15415,41.93,0.0098
IR,Ingersoll Rand Inc.,Industrials,402209907566.3678/0.17346,59.42,0.0095
NEE,NextEra Energy  Inc.,Utilities,4920516178543012.0/1.06175,92.23,0.009
AWI,Armstrong World Industries Inc,Industrials,6263896283284.984/-0.01453,110.62,0.0089
ENPH,Enphase Energy  Inc.,Technology,33863102446541.445/0.50133,190.85,0.0086
NOW,ServiceNow  Inc.,Technology,72762872222606.88/0.23595,608.98,0.0086
MRVI,Maravai LifeSciences Holdings  ,Healthcare,95397227.51038/-0.08897,40.09,0.0084
AXTA,Axalta Coating Systems Ltd.,Basic Materials,32479401239074.95/0.01284,32.51,0.0083
SRC,Spirit Realty Capital  Inc.,Real Estate,1979003637423703.5/0.20579,47.27,0.0082
DTM,DT Midstream  Inc.,Energy,1986752654750.9165/0.9255,45.64,0.0077
BURL,Burlington Stores  Inc.,Consumer Cyclical,351432692707.1888/-0.45789,271.38,0.0075
TW,Tradeweb Markets Inc.,Financial Services,207034380986793.9/0.55817,94.33,0.0074
BKNG,Booking Holdings Inc. Common St,Consumer Cyclical,16323324017422.033/-0.22845,2164.91,0.0071
CHGG,Chegg  Inc.,Consumer Defensive,12298509968141.46/0.87151,27.69,0.0069
CUBE,CubeSmart,Real Estate,1.6316026379387014e+16/0.89117,54.52,0.0069
LLY,Eli Lilly and Company,Healthcare,1317135639135.74/0.54886,279.04,0.0065
TECH,Bio-Techne Corp,Healthcare,839267188488.0001/0.00522,461.53,0.0064
HXL,Hexcel Corporation,Industrials,3.306824277944115e+20/-0.1205,47.83,0.0063
NVCR,NovoCure Limited,Healthcare,6.334394670179782e+17/0.52686,82.3,0.0061
HAYW,Hayward Holdings  Inc.,Industrials,5592224099438526.0/0.76141,24.68,0.006
DV,DoubleVerify Holdings  Inc.,Technology,561804337027.1768/1.08803,30.53,0.0058
ROKU,Roku  Inc.,Communication Services,4616367458244.406/-0.05466,219.01,0.0058
DXCM,DexCom  Inc.,Healthcare,860113856548.7025/0.16695,529.36,0.0051
MSP,Datto Holding Corp.,Technology,421635921689.19684/0.45681,25.39,0.005
CBOE,Cboe Global Markets  Inc.,Financial Services,2569802558000.4575/0.17269,132.05,0.0049
COR,CoreSite Realty Corporation,Real Estate,5253299745584.238/0.70533,170.13,0.0043
HTA,Healthcare Trust of America  In,Real Estate,9105357934598.61/0.48328,33.39,0.0034
XYL,Xylem Inc.,None,2.701431682023397e+16/-0.25944,118.64,0.0032
IEX,IDEX Corporation,Industrials,37499715794.68333/0.53555,239.5,0.0032
FRT,Federal Realty Investment Trust,Real Estate,320500122694.83905/0.53013,128.18,0.0027
NI,NiSource Inc,Utilities,5.75625142083458e+18/0.78398,26.91,0.0027
CTRA,Coterra Energy Inc.,Energy,74830936561.72037/0.71779,20.08,0.0025
SWCH,Switch  Inc.,Technology,940351658863.474/0.56804,26.94,0.0023
DT,Dynatrace  Inc.,Technology,846854297519.7838/0.25706,56.82,0.0023
TFSL,TFS Financial Corporation,Financial Services,1.4264673268008847e+20/0.7341,17.8,0.0023
PEN,Penumbra  Inc.,Healthcare,6.822063678802843e+17/-0.0407,247.1,0.0016
EFX,Equifax  Inc.,Industrials,14652087833179.783/0.34647,290.24,0.0015
MCW,Mister Car Wash  Inc.,Consumer Cyclical,1.6411983969785866e+20/-0.01219,17.23,0.0014
LAMR,Lamar Advertising Company,Real Estate,1043118301084524.9/0.11877,113.0,0.0013
PEAK,Healthpeak Properties  Inc.,Real Estate,91551750266780.73/1.10167,34.75,0.0011
CNM,Core & Main  Inc.,Industrials,9.98754718822953e+19/1.57238,26.89,0.0004
HWM,Howmet Aerospace Inc.,Industrials,2.7241299446319363e+17/0.89207,29.48,0.0004
CONE,CyrusOne Inc,Real Estate,1.3487453420367137e+18/1.02898,89.58,0.0003
NUAN,Nuance Communications  Inc.,Technology,1.195561231919141e+19/0.94996,55.09,0.0
